﻿{"data":[{"GPOChanges":{"LocalAdmins":[],"RemoteDesktopUsers":[],"DcomUsers":[],"PSRemoteUsers":[],"AffectedComputers":[{"ObjectIdentifier":"S-1-5-21-340507432-2615605230-720798708-1000","ObjectType":"Computer"},{"ObjectIdentifier":"S-1-5-21-340507432-2615605230-720798708-1318","ObjectType":"Computer"},{"ObjectIdentifier":"S-1-5-21-340507432-2615605230-720798708-1320","ObjectType":"Computer"}]},"Properties":{"domain":"M3C.LOCAL","name":"M3C.LOCAL","distinguishedname":"DC=M3C,DC=LOCAL","domainsid":"S-1-5-21-340507432-2615605230-720798708","highvalue":true,"description":null,"whencreated":1577960836,"functionallevel":"2016"},"ChildObjects":[{"ObjectIdentifier":"27040761-8950-458E-A80A-4C7CB441B581","ObjectType":"Container"},{"ObjectIdentifier":"7019926F-E111-456B-A100-5DD83EF44C79","ObjectType":"OU"},{"ObjectIdentifier":"7474AF4E-20A8-4D69-A0D9-C1636F40C34A","ObjectType":"Container"},{"ObjectIdentifier":"B4E60AB2-A561-4C45-9396-14644851FB47","ObjectType":"OU"},{"ObjectIdentifier":"0B80D3DC-BD0A-4489-8BB6-48A5D922181A","ObjectType":"Container"},{"ObjectIdentifier":"CE6C992D-7BE6-4833-A4E8-DA3FB7AFF6F7","ObjectType":"Container"}],"Trusts":[{"TargetDomainSid":"S-1-5-21-2011815209-557191040-1566801441","TargetDomainName":"CYBER.LOCAL","IsTransitive":true,"SidFilteringEnabled":false,"TrustDirection":2,"TrustType":2}],"Links":[{"IsEnforced":true,"GUID":"5B838A2F-46D0-439D-B00C-6E6B3C50D95E"},{"IsEnforced":true,"GUID":"C16BACC5-8470-4A6A-881A-92B593766A09"},{"IsEnforced":true,"GUID":"C27CA3F0-919C-48C1-A000-B2BA6D0DE71E"},{"IsEnforced":true,"GUID":"BDDC170C-7335-44AA-AD44-A25381F2DE9A"},{"IsEnforced":true,"GUID":"83FAFBD9-20B0-4D52-9948-1AC8DE33D405"},{"IsEnforced":true,"GUID":"36B94D32-AB0A-45C7-BEC0-8E9E78951008"},{"IsEnforced":true,"GUID":"5BB15B97-3A8A-4A84-9D1A-D96D1962BE22"},{"IsEnforced":false,"GUID":"748793F7-8E28-41F4-8EDC-7104EB98EED7"}],"Aces":[{"PrincipalSID":"M3C.LOCAL-S-1-5-32-544","PrincipalType":"Group","RightName":"Owns","IsInherited":false},{"PrincipalSID":"M3C.LOCAL-S-1-5-32-544","PrincipalType":"Group","RightName":"WriteDacl","IsInherited":false},{"PrincipalSID":"M3C.LOCAL-S-1-5-32-544","PrincipalType":"Group","RightName":"WriteOwner","IsInherited":false},{"PrincipalSID":"M3C.LOCAL-S-1-5-32-544","PrincipalType":"Group","RightName":"AllExtendedRights","IsInherited":false},{"PrincipalSID":"S-1-5-21-340507432-2615605230-720798708-512","PrincipalType":"Group","RightName":"WriteDacl","IsInherited":false},{"PrincipalSID":"S-1-5-21-340507432-2615605230-720798708-512","PrincipalType":"Group","RightName":"WriteOwner","IsInherited":false},{"PrincipalSID":"S-1-5-21-340507432-2615605230-720798708-512","PrincipalType":"Group","RightName":"AllExtendedRights","IsInherited":false},{"PrincipalSID":"S-1-5-21-340507432-2615605230-720798708-519","PrincipalType":"Group","RightName":"GenericAll","IsInherited":false},{"PrincipalSID":"M3C.LOCAL-S-1-5-9","PrincipalType":"Group","RightName":"GetChanges","IsInherited":false},{"PrincipalSID":"M3C.LOCAL-S-1-5-9","PrincipalType":"Group","RightName":"GetChangesInFilteredSet","IsInherited":false},{"PrincipalSID":"M3C.LOCAL-S-1-5-32-544","PrincipalType":"Group","RightName":"GetChangesAll","IsInherited":false},{"PrincipalSID":"M3C.LOCAL-S-1-5-32-544","PrincipalType":"Group","RightName":"GetChanges","IsInherited":false},{"PrincipalSID":"M3C.LOCAL-S-1-5-32-544","PrincipalType":"Group","RightName":"GetChangesInFilteredSet","IsInherited":false},{"PrincipalSID":"S-1-5-21-340507432-2615605230-720798708-498","PrincipalType":"Group","RightName":"GetChanges","IsInherited":false},{"PrincipalSID":"S-1-5-21-340507432-2615605230-720798708-516","PrincipalType":"Group","RightName":"GetChangesAll","IsInherited":false}],"ObjectIdentifier":"S-1-5-21-340507432-2615605230-720798708","IsDeleted":false,"IsACLProtected":false}],"meta":{"methods":29695,"type":"domains","count":1,"version":5}}