﻿{"data":[{"Properties":{"domain":"M3C.LOCAL","name":"POLICYTEMPLATE@M3C.LOCAL","distinguishedname":"CN=POLICYTEMPLATE,CN=WMIPOLICY,CN=SYSTEM,DC=M3C,DC=LOCAL","domainsid":"S-1-5-21-340507432-2615605230-720798708","highvalue":false},"ChildObjects":[],"Aces":[{"PrincipalSID":"S-1-5-21-340507432-2615605230-720798708-512","PrincipalType":"Group","RightName":"Owns","IsInherited":false},{"PrincipalSID":"S-1-5-21-340507432-2615605230-720798708-512","PrincipalType":"Group","RightName":"WriteDacl","IsInherited":false},{"PrincipalSID":"S-1-5-21-340507432-2615605230-720798708-512","PrincipalType":"Group","RightName":"WriteOwner","IsInherited":false},{"PrincipalSID":"S-1-5-21-340507432-2615605230-720798708-519","PrincipalType":"Group","RightName":"GenericAll","IsInherited":true},{"PrincipalSID":"S-1-5-21-340507432-2615605230-720798708-512","PrincipalType":"Group","RightName":"GenericAll","IsInherited":true}],"ObjectIdentifier":"BBEDC4B2-F710-432E-9BC8-609AD6E36AD2","IsDeleted":false,"IsACLProtected":false},{"Properties":{"domain":"M3C.LOCAL","name":"ADMINSDHOLDER@M3C.LOCAL","distinguishedname":"CN=ADMINSDHOLDER,CN=SYSTEM,DC=M3C,DC=LOCAL","domainsid":"S-1-5-21-340507432-2615605230-720798708","highvalue":false},"ChildObjects":[],"Aces":[{"PrincipalSID":"S-1-5-21-340507432-2615605230-720798708-512","PrincipalType":"Group","RightName":"Owns","IsInherited":false},{"PrincipalSID":"M3C.LOCAL-S-1-5-32-544","PrincipalType":"Group","RightName":"WriteDacl","IsInherited":false},{"PrincipalSID":"M3C.LOCAL-S-1-5-32-544","PrincipalType":"Group","RightName":"WriteOwner","IsInherited":false},{"PrincipalSID":"S-1-5-21-340507432-2615605230-720798708-512","PrincipalType":"Group","RightName":"WriteDacl","IsInherited":false},{"PrincipalSID":"S-1-5-21-340507432-2615605230-720798708-512","PrincipalType":"Group","RightName":"WriteOwner","IsInherited":false},{"PrincipalSID":"S-1-5-21-340507432-2615605230-720798708-519","PrincipalType":"Group","RightName":"WriteDacl","IsInherited":false},{"PrincipalSID":"S-1-5-21-340507432-2615605230-720798708-519","PrincipalType":"Group","RightName":"WriteOwner","IsInherited":false}],"ObjectIdentifier":"C2005A08-B416-424C-A015-F9AE54E15B83","IsDeleted":false,"IsACLProtected":true},{"Properties":{"domain":"M3C.LOCAL","name":"WMIGPO@M3C.LOCAL","distinguishedname":"CN=WMIGPO,CN=WMIPOLICY,CN=SYSTEM,DC=M3C,DC=LOCAL","domainsid":"S-1-5-21-340507432-2615605230-720798708","highvalue":false},"ChildObjects":[],"Aces":[{"PrincipalSID":"S-1-5-21-340507432-2615605230-720798708-512","PrincipalType":"Group","RightName":"Owns","IsInherited":false},{"PrincipalSID":"S-1-5-21-340507432-2615605230-720798708-512","PrincipalType":"Group","RightName":"WriteDacl","IsInherited":false},{"PrincipalSID":"S-1-5-21-340507432-2615605230-720798708-512","PrincipalType":"Group","RightName":"WriteOwner","IsInherited":false},{"PrincipalSID":"S-1-5-21-340507432-2615605230-720798708-519","PrincipalType":"Group","RightName":"GenericAll","IsInherited":true},{"PrincipalSID":"S-1-5-21-340507432-2615605230-720798708-512","PrincipalType":"Group","RightName":"GenericAll","IsInherited":true}],"ObjectIdentifier":"1C45E1BB-7111-4062-BA1C-0A73363EC52D","IsDeleted":false,"IsACLProtected":false},{"Properties":{"domain":"M3C.LOCAL","name":"WMIPOLICY@M3C.LOCAL","distinguishedname":"CN=WMIPOLICY,CN=SYSTEM,DC=M3C,DC=LOCAL","domainsid":"S-1-5-21-340507432-2615605230-720798708","highvalue":false},"ChildObjects":[],"Aces":[{"PrincipalSID":"S-1-5-21-340507432-2615605230-720798708-512","PrincipalType":"Group","RightName":"Owns","IsInherited":false},{"PrincipalSID":"S-1-5-21-340507432-2615605230-720798708-512","PrincipalType":"Group","RightName":"GenericAll","IsInherited":false},{"PrincipalSID":"S-1-5-21-340507432-2615605230-720798708-519","PrincipalType":"Group","RightName":"GenericAll","IsInherited":false}],"ObjectIdentifier":"57D3F46C-E37E-438D-893B-926387BE098F","IsDeleted":false,"IsACLProtected":true},{"Properties":{"domain":"M3C.LOCAL","name":"SYSTEM@M3C.LOCAL","distinguishedname":"CN=SYSTEM,DC=M3C,DC=LOCAL","domainsid":"S-1-5-21-340507432-2615605230-720798708","highvalue":false},"ChildObjects":[],"Aces":[{"PrincipalSID":"S-1-5-21-340507432-2615605230-720798708-512","PrincipalType":"Group","RightName":"Owns","IsInherited":false},{"PrincipalSID":"S-1-5-21-340507432-2615605230-720798708-512","PrincipalType":"Group","RightName":"WriteDacl","IsInherited":false},{"PrincipalSID":"S-1-5-21-340507432-2615605230-720798708-512","PrincipalType":"Group","RightName":"WriteOwner","IsInherited":false},{"PrincipalSID":"S-1-5-21-340507432-2615605230-720798708-519","PrincipalType":"Group","RightName":"GenericAll","IsInherited":true},{"PrincipalSID":"M3C.LOCAL-S-1-5-32-544","PrincipalType":"Group","RightName":"WriteDacl","IsInherited":true},{"PrincipalSID":"M3C.LOCAL-S-1-5-32-544","PrincipalType":"Group","RightName":"WriteOwner","IsInherited":true}],"ObjectIdentifier":"6F114380-F96C-4E76-A576-DF2CB4CB28EE","IsDeleted":false,"IsACLProtected":false},{"Properties":{"domain":"M3C.LOCAL","name":"PROGRAM DATA@M3C.LOCAL","distinguishedname":"CN=PROGRAM DATA,DC=M3C,DC=LOCAL","domainsid":"S-1-5-21-340507432-2615605230-720798708","highvalue":false},"ChildObjects":[],"Aces":[{"PrincipalSID":"S-1-5-21-340507432-2615605230-720798708-512","PrincipalType":"Group","RightName":"Owns","IsInherited":false},{"PrincipalSID":"S-1-5-21-340507432-2615605230-720798708-512","PrincipalType":"Group","RightName":"GenericAll","IsInherited":false},{"PrincipalSID":"S-1-5-21-340507432-2615605230-720798708-519","PrincipalType":"Group","RightName":"GenericAll","IsInherited":true},{"PrincipalSID":"M3C.LOCAL-S-1-5-32-544","PrincipalType":"Group","RightName":"WriteDacl","IsInherited":true},{"PrincipalSID":"M3C.LOCAL-S-1-5-32-544","PrincipalType":"Group","RightName":"WriteOwner","IsInherited":true}],"ObjectIdentifier":"001078D0-6652-419C-B3D4-0D572B950011","IsDeleted":false,"IsACLProtected":false},{"Properties":{"domain":"M3C.LOCAL","name":"MANAGED SERVICE ACCOUNTS@M3C.LOCAL","distinguishedname":"CN=MANAGED SERVICE ACCOUNTS,DC=M3C,DC=LOCAL","domainsid":"S-1-5-21-340507432-2615605230-720798708","highvalue":false},"ChildObjects":[],"Aces":[{"PrincipalSID":"S-1-5-21-340507432-2615605230-720798708-512","PrincipalType":"Group","RightName":"Owns","IsInherited":false},{"PrincipalSID":"S-1-5-21-340507432-2615605230-720798708-512","PrincipalType":"Group","RightName":"WriteDacl","IsInherited":false},{"PrincipalSID":"S-1-5-21-340507432-2615605230-720798708-512","PrincipalType":"Group","RightName":"WriteOwner","IsInherited":false},{"PrincipalSID":"S-1-5-21-340507432-2615605230-720798708-519","PrincipalType":"Group","RightName":"GenericAll","IsInherited":true},{"PrincipalSID":"M3C.LOCAL-S-1-5-32-544","PrincipalType":"Group","RightName":"WriteDacl","IsInherited":true},{"PrincipalSID":"M3C.LOCAL-S-1-5-32-544","PrincipalType":"Group","RightName":"WriteOwner","IsInherited":true}],"ObjectIdentifier":"0B80D3DC-BD0A-4489-8BB6-48A5D922181A","IsDeleted":false,"IsACLProtected":false},{"Properties":{"domain":"M3C.LOCAL","name":"COMPUTERS@M3C.LOCAL","distinguishedname":"CN=COMPUTERS,DC=M3C,DC=LOCAL","domainsid":"S-1-5-21-340507432-2615605230-720798708","highvalue":false},"ChildObjects":[],"Aces":[{"PrincipalSID":"S-1-5-21-340507432-2615605230-720798708-512","PrincipalType":"Group","RightName":"Owns","IsInherited":false},{"PrincipalSID":"S-1-5-21-340507432-2615605230-720798708-512","PrincipalType":"Group","RightName":"WriteDacl","IsInherited":false},{"PrincipalSID":"S-1-5-21-340507432-2615605230-720798708-512","PrincipalType":"Group","RightName":"WriteOwner","IsInherited":false},{"PrincipalSID":"S-1-5-21-340507432-2615605230-720798708-519","PrincipalType":"Group","RightName":"GenericAll","IsInherited":true},{"PrincipalSID":"M3C.LOCAL-S-1-5-32-544","PrincipalType":"Group","RightName":"WriteDacl","IsInherited":true},{"PrincipalSID":"M3C.LOCAL-S-1-5-32-544","PrincipalType":"Group","RightName":"WriteOwner","IsInherited":true}],"ObjectIdentifier":"27040761-8950-458E-A80A-4C7CB441B581","IsDeleted":false,"IsACLProtected":false},{"Properties":{"domain":"M3C.LOCAL","name":"SOM@M3C.LOCAL","distinguishedname":"CN=SOM,CN=WMIPOLICY,CN=SYSTEM,DC=M3C,DC=LOCAL","domainsid":"S-1-5-21-340507432-2615605230-720798708","highvalue":false},"ChildObjects":[],"Aces":[{"PrincipalSID":"S-1-5-21-340507432-2615605230-720798708-512","PrincipalType":"Group","RightName":"Owns","IsInherited":false},{"PrincipalSID":"S-1-5-21-340507432-2615605230-720798708-512","PrincipalType":"Group","RightName":"GenericAll","IsInherited":false},{"PrincipalSID":"S-1-5-21-340507432-2615605230-720798708-519","PrincipalType":"Group","RightName":"GenericAll","IsInherited":false}],"ObjectIdentifier":"753F06F3-510C-4877-87DB-4D7570687272","IsDeleted":false,"IsACLProtected":true},{"Properties":{"domain":"M3C.LOCAL","name":"COMPARTITIONS@M3C.LOCAL","distinguishedname":"CN=COMPARTITIONS,CN=SYSTEM,DC=M3C,DC=LOCAL","domainsid":"S-1-5-21-340507432-2615605230-720798708","highvalue":false},"ChildObjects":[],"Aces":[{"PrincipalSID":"S-1-5-21-340507432-2615605230-720798708-512","PrincipalType":"Group","RightName":"Owns","IsInherited":false},{"PrincipalSID":"S-1-5-21-340507432-2615605230-720798708-512","PrincipalType":"Group","RightName":"WriteDacl","IsInherited":false},{"PrincipalSID":"S-1-5-21-340507432-2615605230-720798708-512","PrincipalType":"Group","RightName":"WriteOwner","IsInherited":false},{"PrincipalSID":"S-1-5-21-340507432-2615605230-720798708-519","PrincipalType":"Group","RightName":"GenericAll","IsInherited":true},{"PrincipalSID":"M3C.LOCAL-S-1-5-32-544","PrincipalType":"Group","RightName":"WriteDacl","IsInherited":true},{"PrincipalSID":"M3C.LOCAL-S-1-5-32-544","PrincipalType":"Group","RightName":"WriteOwner","IsInherited":true}],"ObjectIdentifier":"CA907570-845E-4A11-9309-DE35041DD1D8","IsDeleted":false,"IsACLProtected":false},{"Properties":{"domain":"M3C.LOCAL","name":"WINSOCKSERVICES@M3C.LOCAL","distinguishedname":"CN=WINSOCKSERVICES,CN=SYSTEM,DC=M3C,DC=LOCAL","domainsid":"S-1-5-21-340507432-2615605230-720798708","highvalue":false},"ChildObjects":[],"Aces":[{"PrincipalSID":"S-1-5-21-340507432-2615605230-720798708-512","PrincipalType":"Group","RightName":"Owns","IsInherited":false},{"PrincipalSID":"S-1-5-21-340507432-2615605230-720798708-512","PrincipalType":"Group","RightName":"WriteDacl","IsInherited":false},{"PrincipalSID":"S-1-5-21-340507432-2615605230-720798708-512","PrincipalType":"Group","RightName":"WriteOwner","IsInherited":false},{"PrincipalSID":"S-1-5-21-340507432-2615605230-720798708-519","PrincipalType":"Group","RightName":"GenericAll","IsInherited":true},{"PrincipalSID":"M3C.LOCAL-S-1-5-32-544","PrincipalType":"Group","RightName":"WriteDacl","IsInherited":true},{"PrincipalSID":"M3C.LOCAL-S-1-5-32-544","PrincipalType":"Group","RightName":"WriteOwner","IsInherited":true}],"ObjectIdentifier":"C5F39609-0ED7-43EC-825E-98DB695D6F9B","IsDeleted":false,"IsACLProtected":false},{"Properties":{"domain":"M3C.LOCAL","name":"MEETINGS@M3C.LOCAL","distinguishedname":"CN=MEETINGS,CN=SYSTEM,DC=M3C,DC=LOCAL","domainsid":"S-1-5-21-340507432-2615605230-720798708","highvalue":false},"ChildObjects":[],"Aces":[{"PrincipalSID":"S-1-5-21-340507432-2615605230-720798708-512","PrincipalType":"Group","RightName":"Owns","IsInherited":false},{"PrincipalSID":"S-1-5-21-340507432-2615605230-720798708-512","PrincipalType":"Group","RightName":"WriteDacl","IsInherited":false},{"PrincipalSID":"S-1-5-21-340507432-2615605230-720798708-512","PrincipalType":"Group","RightName":"WriteOwner","IsInherited":false},{"PrincipalSID":"S-1-5-21-340507432-2615605230-720798708-519","PrincipalType":"Group","RightName":"GenericAll","IsInherited":true},{"PrincipalSID":"M3C.LOCAL-S-1-5-32-544","PrincipalType":"Group","RightName":"WriteDacl","IsInherited":true},{"PrincipalSID":"M3C.LOCAL-S-1-5-32-544","PrincipalType":"Group","RightName":"WriteOwner","IsInherited":true}],"ObjectIdentifier":"FC905848-30DD-4BEE-8836-7EE815D0F6C1","IsDeleted":false,"IsACLProtected":false},{"Properties":{"domain":"M3C.LOCAL","name":"POLICYTYPE@M3C.LOCAL","distinguishedname":"CN=POLICYTYPE,CN=WMIPOLICY,CN=SYSTEM,DC=M3C,DC=LOCAL","domainsid":"S-1-5-21-340507432-2615605230-720798708","highvalue":false},"ChildObjects":[],"Aces":[{"PrincipalSID":"S-1-5-21-340507432-2615605230-720798708-512","PrincipalType":"Group","RightName":"Owns","IsInherited":false},{"PrincipalSID":"S-1-5-21-340507432-2615605230-720798708-512","PrincipalType":"Group","RightName":"WriteDacl","IsInherited":false},{"PrincipalSID":"S-1-5-21-340507432-2615605230-720798708-512","PrincipalType":"Group","RightName":"WriteOwner","IsInherited":false},{"PrincipalSID":"S-1-5-21-340507432-2615605230-720798708-519","PrincipalType":"Group","RightName":"GenericAll","IsInherited":true},{"PrincipalSID":"S-1-5-21-340507432-2615605230-720798708-512","PrincipalType":"Group","RightName":"GenericAll","IsInherited":true}],"ObjectIdentifier":"93609B5A-0C13-4236-98A2-D9BF9BEBB670","IsDeleted":false,"IsACLProtected":false},{"Properties":{"domain":"M3C.LOCAL","name":"RAS AND IAS SERVERS ACCESS CHECK@M3C.LOCAL","distinguishedname":"CN=RAS AND IAS SERVERS ACCESS CHECK,CN=SYSTEM,DC=M3C,DC=LOCAL","domainsid":"S-1-5-21-340507432-2615605230-720798708","highvalue":false},"ChildObjects":[],"Aces":[{"PrincipalSID":"S-1-5-21-340507432-2615605230-720798708-512","PrincipalType":"Group","RightName":"Owns","IsInherited":false},{"PrincipalSID":"S-1-5-21-340507432-2615605230-720798708-553","PrincipalType":"Group","RightName":"WriteDacl","IsInherited":false},{"PrincipalSID":"S-1-5-21-340507432-2615605230-720798708-553","PrincipalType":"Group","RightName":"WriteOwner","IsInherited":false},{"PrincipalSID":"S-1-5-21-340507432-2615605230-720798708-519","PrincipalType":"Group","RightName":"GenericAll","IsInherited":true},{"PrincipalSID":"M3C.LOCAL-S-1-5-32-544","PrincipalType":"Group","RightName":"WriteDacl","IsInherited":true},{"PrincipalSID":"M3C.LOCAL-S-1-5-32-544","PrincipalType":"Group","RightName":"WriteOwner","IsInherited":true}],"ObjectIdentifier":"BA6EB270-90D5-4A3E-999F-90DB3B9D01D6","IsDeleted":false,"IsACLProtected":false},{"Properties":{"domain":"M3C.LOCAL","name":"MICROSOFT@M3C.LOCAL","distinguishedname":"CN=MICROSOFT,CN=PROGRAM DATA,DC=M3C,DC=LOCAL","domainsid":"S-1-5-21-340507432-2615605230-720798708","highvalue":false},"ChildObjects":[],"Aces":[{"PrincipalSID":"S-1-5-21-340507432-2615605230-720798708-512","PrincipalType":"Group","RightName":"Owns","IsInherited":false},{"PrincipalSID":"S-1-5-21-340507432-2615605230-720798708-512","PrincipalType":"Group","RightName":"GenericAll","IsInherited":false},{"PrincipalSID":"S-1-5-21-340507432-2615605230-720798708-519","PrincipalType":"Group","RightName":"GenericAll","IsInherited":true},{"PrincipalSID":"M3C.LOCAL-S-1-5-32-544","PrincipalType":"Group","RightName":"WriteDacl","IsInherited":true},{"PrincipalSID":"M3C.LOCAL-S-1-5-32-544","PrincipalType":"Group","RightName":"WriteOwner","IsInherited":true}],"ObjectIdentifier":"8B3090B7-8BB4-49DA-B3E6-BC35DFAA3E86","IsDeleted":false,"IsACLProtected":false},{"Properties":{"domain":"M3C.LOCAL","name":"COMPARTITIONSETS@M3C.LOCAL","distinguishedname":"CN=COMPARTITIONSETS,CN=SYSTEM,DC=M3C,DC=LOCAL","domainsid":"S-1-5-21-340507432-2615605230-720798708","highvalue":false},"ChildObjects":[],"Aces":[{"PrincipalSID":"S-1-5-21-340507432-2615605230-720798708-512","PrincipalType":"Group","RightName":"Owns","IsInherited":false},{"PrincipalSID":"S-1-5-21-340507432-2615605230-720798708-512","PrincipalType":"Group","RightName":"WriteDacl","IsInherited":false},{"PrincipalSID":"S-1-5-21-340507432-2615605230-720798708-512","PrincipalType":"Group","RightName":"WriteOwner","IsInherited":false},{"PrincipalSID":"S-1-5-21-340507432-2615605230-720798708-519","PrincipalType":"Group","RightName":"GenericAll","IsInherited":true},{"PrincipalSID":"M3C.LOCAL-S-1-5-32-544","PrincipalType":"Group","RightName":"WriteDacl","IsInherited":true},{"PrincipalSID":"M3C.LOCAL-S-1-5-32-544","PrincipalType":"Group","RightName":"WriteOwner","IsInherited":true}],"ObjectIdentifier":"15464D2F-5300-4CA7-977F-C6C9553EBC45","IsDeleted":false,"IsACLProtected":false},{"Properties":{"domain":"M3C.LOCAL","name":"FOREIGNSECURITYPRINCIPALS@M3C.LOCAL","distinguishedname":"CN=FOREIGNSECURITYPRINCIPALS,DC=M3C,DC=LOCAL","domainsid":"S-1-5-21-340507432-2615605230-720798708","highvalue":false},"ChildObjects":[],"Aces":[{"PrincipalSID":"S-1-5-21-340507432-2615605230-720798708-512","PrincipalType":"Group","RightName":"Owns","IsInherited":false},{"PrincipalSID":"S-1-5-21-340507432-2615605230-720798708-512","PrincipalType":"Group","RightName":"GenericAll","IsInherited":false},{"PrincipalSID":"S-1-5-21-340507432-2615605230-720798708-519","PrincipalType":"Group","RightName":"GenericAll","IsInherited":true},{"PrincipalSID":"M3C.LOCAL-S-1-5-32-544","PrincipalType":"Group","RightName":"WriteDacl","IsInherited":true},{"PrincipalSID":"M3C.LOCAL-S-1-5-32-544","PrincipalType":"Group","RightName":"WriteOwner","IsInherited":true}],"ObjectIdentifier":"7474AF4E-20A8-4D69-A0D9-C1636F40C34A","IsDeleted":false,"IsACLProtected":false},{"Properties":{"domain":"M3C.LOCAL","name":"IP SECURITY@M3C.LOCAL","distinguishedname":"CN=IP SECURITY,CN=SYSTEM,DC=M3C,DC=LOCAL","domainsid":"S-1-5-21-340507432-2615605230-720798708","highvalue":false},"ChildObjects":[],"Aces":[{"PrincipalSID":"S-1-5-21-340507432-2615605230-720798708-512","PrincipalType":"Group","RightName":"Owns","IsInherited":false},{"PrincipalSID":"S-1-5-21-340507432-2615605230-720798708-512","PrincipalType":"Group","RightName":"WriteDacl","IsInherited":false},{"PrincipalSID":"S-1-5-21-340507432-2615605230-720798708-512","PrincipalType":"Group","RightName":"WriteOwner","IsInherited":false},{"PrincipalSID":"S-1-5-21-340507432-2615605230-720798708-519","PrincipalType":"Group","RightName":"GenericAll","IsInherited":true},{"PrincipalSID":"M3C.LOCAL-S-1-5-32-544","PrincipalType":"Group","RightName":"WriteDacl","IsInherited":true},{"PrincipalSID":"M3C.LOCAL-S-1-5-32-544","PrincipalType":"Group","RightName":"WriteOwner","IsInherited":true}],"ObjectIdentifier":"860A06B8-C8C3-462E-9226-B8A2CC2D358D","IsDeleted":false,"IsACLProtected":false},{"Properties":{"domain":"M3C.LOCAL","name":"POLICIES@M3C.LOCAL","distinguishedname":"CN=POLICIES,CN=SYSTEM,DC=M3C,DC=LOCAL","domainsid":"S-1-5-21-340507432-2615605230-720798708","highvalue":false},"ChildObjects":[],"Aces":[{"PrincipalSID":"S-1-5-21-340507432-2615605230-720798708-512","PrincipalType":"Group","RightName":"Owns","IsInherited":false},{"PrincipalSID":"S-1-5-21-340507432-2615605230-720798708-512","PrincipalType":"Group","RightName":"WriteDacl","IsInherited":false},{"PrincipalSID":"S-1-5-21-340507432-2615605230-720798708-512","PrincipalType":"Group","RightName":"WriteOwner","IsInherited":false},{"PrincipalSID":"S-1-5-21-340507432-2615605230-720798708-519","PrincipalType":"Group","RightName":"GenericAll","IsInherited":true},{"PrincipalSID":"M3C.LOCAL-S-1-5-32-544","PrincipalType":"Group","RightName":"WriteDacl","IsInherited":true},{"PrincipalSID":"M3C.LOCAL-S-1-5-32-544","PrincipalType":"Group","RightName":"WriteOwner","IsInherited":true}],"ObjectIdentifier":"3A9ECC17-A782-46A8-938B-F2DDF8CCCC6F","IsDeleted":false,"IsACLProtected":false},{"Properties":{"domain":"M3C.LOCAL","name":"PSPS@M3C.LOCAL","distinguishedname":"CN=PSPS,CN=SYSTEM,DC=M3C,DC=LOCAL","domainsid":"S-1-5-21-340507432-2615605230-720798708","highvalue":false},"ChildObjects":[],"Aces":[{"PrincipalSID":"S-1-5-21-340507432-2615605230-720798708-512","PrincipalType":"Group","RightName":"Owns","IsInherited":false},{"PrincipalSID":"S-1-5-21-340507432-2615605230-720798708-512","PrincipalType":"Group","RightName":"GenericAll","IsInherited":false},{"PrincipalSID":"S-1-5-21-340507432-2615605230-720798708-519","PrincipalType":"Group","RightName":"GenericAll","IsInherited":true},{"PrincipalSID":"M3C.LOCAL-S-1-5-32-544","PrincipalType":"Group","RightName":"WriteDacl","IsInherited":true},{"PrincipalSID":"M3C.LOCAL-S-1-5-32-544","PrincipalType":"Group","RightName":"WriteOwner","IsInherited":true}],"ObjectIdentifier":"2F4321E0-C966-43FA-BF11-4F2DBE20ECAD","IsDeleted":false,"IsACLProtected":false},{"Properties":{"domain":"M3C.LOCAL","name":"USERS@M3C.LOCAL","distinguishedname":"CN=USERS,DC=M3C,DC=LOCAL","domainsid":"S-1-5-21-340507432-2615605230-720798708","highvalue":false},"ChildObjects":[{"ObjectIdentifier":"S-1-5-21-340507432-2615605230-720798708-500","ObjectType":"User"},{"ObjectIdentifier":"S-1-5-21-340507432-2615605230-720798708-571","ObjectType":"Group"},{"ObjectIdentifier":"S-1-5-21-340507432-2615605230-720798708-517","ObjectType":"Group"},{"ObjectIdentifier":"S-1-5-21-340507432-2615605230-720798708-522","ObjectType":"Group"},{"ObjectIdentifier":"S-1-5-21-340507432-2615605230-720798708-503","ObjectType":"User"},{"ObjectIdentifier":"S-1-5-21-340507432-2615605230-720798708-572","ObjectType":"Group"},{"ObjectIdentifier":"S-1-5-21-340507432-2615605230-720798708-1101","ObjectType":"Group"},{"ObjectIdentifier":"S-1-5-21-340507432-2615605230-720798708-1102","ObjectType":"Group"},{"ObjectIdentifier":"S-1-5-21-340507432-2615605230-720798708-512","ObjectType":"Group"},{"ObjectIdentifier":"S-1-5-21-340507432-2615605230-720798708-515","ObjectType":"Group"},{"ObjectIdentifier":"S-1-5-21-340507432-2615605230-720798708-516","ObjectType":"Group"},{"ObjectIdentifier":"S-1-5-21-340507432-2615605230-720798708-514","ObjectType":"Group"},{"ObjectIdentifier":"S-1-5-21-340507432-2615605230-720798708-513","ObjectType":"Group"},{"ObjectIdentifier":"S-1-5-21-340507432-2615605230-720798708-519","ObjectType":"Group"},{"ObjectIdentifier":"S-1-5-21-340507432-2615605230-720798708-527","ObjectType":"Group"},{"ObjectIdentifier":"S-1-5-21-340507432-2615605230-720798708-498","ObjectType":"Group"},{"ObjectIdentifier":"S-1-5-21-340507432-2615605230-720798708-520","ObjectType":"Group"},{"ObjectIdentifier":"S-1-5-21-340507432-2615605230-720798708-501","ObjectType":"User"},{"ObjectIdentifier":"S-1-5-21-340507432-2615605230-720798708-526","ObjectType":"Group"},{"ObjectIdentifier":"S-1-5-21-340507432-2615605230-720798708-502","ObjectType":"User"},{"ObjectIdentifier":"S-1-5-21-340507432-2615605230-720798708-525","ObjectType":"Group"},{"ObjectIdentifier":"S-1-5-21-340507432-2615605230-720798708-553","ObjectType":"Group"},{"ObjectIdentifier":"S-1-5-21-340507432-2615605230-720798708-521","ObjectType":"Group"},{"ObjectIdentifier":"S-1-5-21-340507432-2615605230-720798708-518","ObjectType":"Group"}],"Aces":[{"PrincipalSID":"S-1-5-21-340507432-2615605230-720798708-512","PrincipalType":"Group","RightName":"Owns","IsInherited":false},{"PrincipalSID":"S-1-5-21-340507432-2615605230-720798708-512","PrincipalType":"Group","RightName":"WriteDacl","IsInherited":false},{"PrincipalSID":"S-1-5-21-340507432-2615605230-720798708-512","PrincipalType":"Group","RightName":"WriteOwner","IsInherited":false},{"PrincipalSID":"S-1-5-21-340507432-2615605230-720798708-519","PrincipalType":"Group","RightName":"GenericAll","IsInherited":true},{"PrincipalSID":"M3C.LOCAL-S-1-5-32-544","PrincipalType":"Group","RightName":"WriteDacl","IsInherited":true},{"PrincipalSID":"M3C.LOCAL-S-1-5-32-544","PrincipalType":"Group","RightName":"WriteOwner","IsInherited":true}],"ObjectIdentifier":"CE6C992D-7BE6-4833-A4E8-DA3FB7AFF6F7","IsDeleted":false,"IsACLProtected":false},{"Properties":{"domain":"M3C.LOCAL","name":"RPCSERVICES@M3C.LOCAL","distinguishedname":"CN=RPCSERVICES,CN=SYSTEM,DC=M3C,DC=LOCAL","domainsid":"S-1-5-21-340507432-2615605230-720798708","highvalue":false},"ChildObjects":[],"Aces":[{"PrincipalSID":"S-1-5-21-340507432-2615605230-720798708-512","PrincipalType":"Group","RightName":"Owns","IsInherited":false},{"PrincipalSID":"S-1-5-21-340507432-2615605230-720798708-512","PrincipalType":"Group","RightName":"WriteDacl","IsInherited":false},{"PrincipalSID":"S-1-5-21-340507432-2615605230-720798708-512","PrincipalType":"Group","RightName":"WriteOwner","IsInherited":false},{"PrincipalSID":"S-1-5-21-340507432-2615605230-720798708-519","PrincipalType":"Group","RightName":"GenericAll","IsInherited":true},{"PrincipalSID":"M3C.LOCAL-S-1-5-32-544","PrincipalType":"Group","RightName":"WriteDacl","IsInherited":true},{"PrincipalSID":"M3C.LOCAL-S-1-5-32-544","PrincipalType":"Group","RightName":"WriteOwner","IsInherited":true}],"ObjectIdentifier":"7CCA239C-B801-4E67-9525-AE4B2B5EF8A5","IsDeleted":false,"IsACLProtected":false}],"meta":{"methods":29695,"type":"containers","count":22,"version":5}}