﻿{"data":[{"GPOChanges":{"LocalAdmins":[],"RemoteDesktopUsers":[],"DcomUsers":[],"PSRemoteUsers":[],"AffectedComputers":[]},"Properties":{"domain":"M3C.LOCAL","name":"HELP DESK@M3C.LOCAL","distinguishedname":"OU=HELP DESK,OU=IT,OU=USERS,OU=M3C,DC=M3C,DC=LOCAL","domainsid":"S-1-5-21-340507432-2615605230-720798708","highvalue":false,"description":"Help Desk","whencreated":1577961575,"blocksinheritance":false},"Links":[],"ChildObjects":[{"ObjectIdentifier":"S-1-5-21-340507432-2615605230-720798708-1105","ObjectType":"User"},{"ObjectIdentifier":"S-1-5-21-340507432-2615605230-720798708-1110","ObjectType":"User"},{"ObjectIdentifier":"S-1-5-21-340507432-2615605230-720798708-1111","ObjectType":"User"},{"ObjectIdentifier":"S-1-5-21-340507432-2615605230-720798708-1106","ObjectType":"User"},{"ObjectIdentifier":"S-1-5-21-340507432-2615605230-720798708-1104","ObjectType":"User"},{"ObjectIdentifier":"S-1-5-21-340507432-2615605230-720798708-1112","ObjectType":"User"},{"ObjectIdentifier":"S-1-5-21-340507432-2615605230-720798708-1103","ObjectType":"User"},{"ObjectIdentifier":"S-1-5-21-340507432-2615605230-720798708-1108","ObjectType":"User"},{"ObjectIdentifier":"S-1-5-21-340507432-2615605230-720798708-1107","ObjectType":"User"},{"ObjectIdentifier":"S-1-5-21-340507432-2615605230-720798708-1109","ObjectType":"User"}],"Aces":[{"PrincipalSID":"S-1-5-21-340507432-2615605230-720798708-512","PrincipalType":"Group","RightName":"Owns","IsInherited":false},{"PrincipalSID":"S-1-5-21-340507432-2615605230-720798708-512","PrincipalType":"Group","RightName":"GenericAll","IsInherited":false},{"PrincipalSID":"S-1-5-21-340507432-2615605230-720798708-519","PrincipalType":"Group","RightName":"GenericAll","IsInherited":true},{"PrincipalSID":"M3C.LOCAL-S-1-5-32-544","PrincipalType":"Group","RightName":"WriteDacl","IsInherited":true},{"PrincipalSID":"M3C.LOCAL-S-1-5-32-544","PrincipalType":"Group","RightName":"WriteOwner","IsInherited":true}],"ObjectIdentifier":"8C715B67-DEB1-4881-8F04-5DFB3CF9A9E4","IsDeleted":false,"IsACLProtected":false},{"GPOChanges":{"LocalAdmins":[],"RemoteDesktopUsers":[],"DcomUsers":[],"PSRemoteUsers":[],"AffectedComputers":[]},"Properties":{"domain":"M3C.LOCAL","name":"CONSULTANTS@M3C.LOCAL","distinguishedname":"OU=CONSULTANTS,OU=USERS,OU=M3C,DC=M3C,DC=LOCAL","domainsid":"S-1-5-21-340507432-2615605230-720798708","highvalue":false,"description":"Consultants","whencreated":1577961575,"blocksinheritance":false},"Links":[],"ChildObjects":[],"Aces":[{"PrincipalSID":"S-1-5-21-340507432-2615605230-720798708-512","PrincipalType":"Group","RightName":"Owns","IsInherited":false},{"PrincipalSID":"S-1-5-21-340507432-2615605230-720798708-512","PrincipalType":"Group","RightName":"GenericAll","IsInherited":false},{"PrincipalSID":"S-1-5-21-340507432-2615605230-720798708-519","PrincipalType":"Group","RightName":"GenericAll","IsInherited":true},{"PrincipalSID":"M3C.LOCAL-S-1-5-32-544","PrincipalType":"Group","RightName":"WriteDacl","IsInherited":true},{"PrincipalSID":"M3C.LOCAL-S-1-5-32-544","PrincipalType":"Group","RightName":"WriteOwner","IsInherited":true}],"ObjectIdentifier":"A9D480BE-B7C4-481D-B897-DBB175A5D74C","IsDeleted":false,"IsACLProtected":false},{"GPOChanges":{"LocalAdmins":[],"RemoteDesktopUsers":[],"DcomUsers":[],"PSRemoteUsers":[],"AffectedComputers":[]},"Properties":{"domain":"M3C.LOCAL","name":"MANAGEMENT@M3C.LOCAL","distinguishedname":"OU=MANAGEMENT,OU=USERS,OU=M3C,DC=M3C,DC=LOCAL","domainsid":"S-1-5-21-340507432-2615605230-720798708","highvalue":false,"description":"Management","whencreated":1577961575,"blocksinheritance":false},"Links":[],"ChildObjects":[{"ObjectIdentifier":"S-1-5-21-340507432-2615605230-720798708-1238","ObjectType":"User"},{"ObjectIdentifier":"S-1-5-21-340507432-2615605230-720798708-1239","ObjectType":"User"},{"ObjectIdentifier":"S-1-5-21-340507432-2615605230-720798708-1233","ObjectType":"User"},{"ObjectIdentifier":"S-1-5-21-340507432-2615605230-720798708-1237","ObjectType":"User"},{"ObjectIdentifier":"S-1-5-21-340507432-2615605230-720798708-1236","ObjectType":"User"},{"ObjectIdentifier":"S-1-5-21-340507432-2615605230-720798708-1235","ObjectType":"User"},{"ObjectIdentifier":"S-1-5-21-340507432-2615605230-720798708-1232","ObjectType":"User"},{"ObjectIdentifier":"S-1-5-21-340507432-2615605230-720798708-1241","ObjectType":"User"},{"ObjectIdentifier":"S-1-5-21-340507432-2615605230-720798708-1240","ObjectType":"User"},{"ObjectIdentifier":"S-1-5-21-340507432-2615605230-720798708-1234","ObjectType":"User"}],"Aces":[{"PrincipalSID":"S-1-5-21-340507432-2615605230-720798708-512","PrincipalType":"Group","RightName":"Owns","IsInherited":false},{"PrincipalSID":"S-1-5-21-340507432-2615605230-720798708-512","PrincipalType":"Group","RightName":"GenericAll","IsInherited":false},{"PrincipalSID":"S-1-5-21-340507432-2615605230-720798708-519","PrincipalType":"Group","RightName":"GenericAll","IsInherited":true},{"PrincipalSID":"M3C.LOCAL-S-1-5-32-544","PrincipalType":"Group","RightName":"WriteDacl","IsInherited":true},{"PrincipalSID":"M3C.LOCAL-S-1-5-32-544","PrincipalType":"Group","RightName":"WriteOwner","IsInherited":true}],"ObjectIdentifier":"10FD66C8-9C01-49C0-8A4D-4C98C01DBADE","IsDeleted":false,"IsACLProtected":false},{"GPOChanges":{"LocalAdmins":[],"RemoteDesktopUsers":[],"DcomUsers":[],"PSRemoteUsers":[],"AffectedComputers":[]},"Properties":{"domain":"M3C.LOCAL","name":"AUDIT@M3C.LOCAL","distinguishedname":"OU=AUDIT,OU=USERS,OU=M3C,DC=M3C,DC=LOCAL","domainsid":"S-1-5-21-340507432-2615605230-720798708","highvalue":false,"description":"Audit","whencreated":1577961575,"blocksinheritance":false},"Links":[],"ChildObjects":[{"ObjectIdentifier":"S-1-5-21-340507432-2615605230-720798708-1167","ObjectType":"User"},{"ObjectIdentifier":"S-1-5-21-340507432-2615605230-720798708-1171","ObjectType":"User"},{"ObjectIdentifier":"S-1-5-21-340507432-2615605230-720798708-1165","ObjectType":"User"},{"ObjectIdentifier":"S-1-5-21-340507432-2615605230-720798708-1164","ObjectType":"User"},{"ObjectIdentifier":"S-1-5-21-340507432-2615605230-720798708-1169","ObjectType":"User"},{"ObjectIdentifier":"S-1-5-21-340507432-2615605230-720798708-1163","ObjectType":"User"},{"ObjectIdentifier":"S-1-5-21-340507432-2615605230-720798708-1168","ObjectType":"User"},{"ObjectIdentifier":"S-1-5-21-340507432-2615605230-720798708-1166","ObjectType":"User"},{"ObjectIdentifier":"S-1-5-21-340507432-2615605230-720798708-1162","ObjectType":"User"},{"ObjectIdentifier":"S-1-5-21-340507432-2615605230-720798708-1170","ObjectType":"User"}],"Aces":[{"PrincipalSID":"S-1-5-21-340507432-2615605230-720798708-512","PrincipalType":"Group","RightName":"Owns","IsInherited":false},{"PrincipalSID":"S-1-5-21-340507432-2615605230-720798708-512","PrincipalType":"Group","RightName":"GenericAll","IsInherited":false},{"PrincipalSID":"S-1-5-21-340507432-2615605230-720798708-519","PrincipalType":"Group","RightName":"GenericAll","IsInherited":true},{"PrincipalSID":"M3C.LOCAL-S-1-5-32-544","PrincipalType":"Group","RightName":"WriteDacl","IsInherited":true},{"PrincipalSID":"M3C.LOCAL-S-1-5-32-544","PrincipalType":"Group","RightName":"WriteOwner","IsInherited":true}],"ObjectIdentifier":"21239D3F-2956-4C84-828A-DEF2450E1388","IsDeleted":false,"IsACLProtected":false},{"GPOChanges":{"LocalAdmins":[],"RemoteDesktopUsers":[],"DcomUsers":[],"PSRemoteUsers":[],"AffectedComputers":[]},"Properties":{"domain":"M3C.LOCAL","name":"INTERNS@M3C.LOCAL","distinguishedname":"OU=INTERNS,OU=USERS,OU=M3C,DC=M3C,DC=LOCAL","domainsid":"S-1-5-21-340507432-2615605230-720798708","highvalue":false,"description":"Interns","whencreated":1577961575,"blocksinheritance":false},"Links":[],"ChildObjects":[{"ObjectIdentifier":"S-1-5-21-340507432-2615605230-720798708-1155","ObjectType":"User"},{"ObjectIdentifier":"S-1-5-21-340507432-2615605230-720798708-1151","ObjectType":"User"},{"ObjectIdentifier":"S-1-5-21-340507432-2615605230-720798708-1159","ObjectType":"User"},{"ObjectIdentifier":"S-1-5-21-340507432-2615605230-720798708-1146","ObjectType":"User"},{"ObjectIdentifier":"S-1-5-21-340507432-2615605230-720798708-1160","ObjectType":"User"},{"ObjectIdentifier":"S-1-5-21-340507432-2615605230-720798708-1154","ObjectType":"User"},{"ObjectIdentifier":"S-1-5-21-340507432-2615605230-720798708-1147","ObjectType":"User"},{"ObjectIdentifier":"S-1-5-21-340507432-2615605230-720798708-1150","ObjectType":"User"},{"ObjectIdentifier":"S-1-5-21-340507432-2615605230-720798708-1158","ObjectType":"User"},{"ObjectIdentifier":"S-1-5-21-340507432-2615605230-720798708-1148","ObjectType":"User"},{"ObjectIdentifier":"S-1-5-21-340507432-2615605230-720798708-1157","ObjectType":"User"},{"ObjectIdentifier":"S-1-5-21-340507432-2615605230-720798708-1161","ObjectType":"User"},{"ObjectIdentifier":"S-1-5-21-340507432-2615605230-720798708-1145","ObjectType":"User"},{"ObjectIdentifier":"S-1-5-21-340507432-2615605230-720798708-1149","ObjectType":"User"},{"ObjectIdentifier":"S-1-5-21-340507432-2615605230-720798708-1156","ObjectType":"User"},{"ObjectIdentifier":"S-1-5-21-340507432-2615605230-720798708-1153","ObjectType":"User"},{"ObjectIdentifier":"S-1-5-21-340507432-2615605230-720798708-1152","ObjectType":"User"}],"Aces":[{"PrincipalSID":"S-1-5-21-340507432-2615605230-720798708-512","PrincipalType":"Group","RightName":"Owns","IsInherited":false},{"PrincipalSID":"S-1-5-21-340507432-2615605230-720798708-512","PrincipalType":"Group","RightName":"GenericAll","IsInherited":false},{"PrincipalSID":"S-1-5-21-340507432-2615605230-720798708-519","PrincipalType":"Group","RightName":"GenericAll","IsInherited":true},{"PrincipalSID":"M3C.LOCAL-S-1-5-32-544","PrincipalType":"Group","RightName":"WriteDacl","IsInherited":true},{"PrincipalSID":"M3C.LOCAL-S-1-5-32-544","PrincipalType":"Group","RightName":"WriteOwner","IsInherited":true}],"ObjectIdentifier":"C7C2A0D6-9B3F-4855-8B2A-392166E9BDE0","IsDeleted":false,"IsACLProtected":false},{"GPOChanges":{"LocalAdmins":[],"RemoteDesktopUsers":[],"DcomUsers":[],"PSRemoteUsers":[],"AffectedComputers":[]},"Properties":{"domain":"M3C.LOCAL","name":"SALES@M3C.LOCAL","distinguishedname":"OU=SALES,OU=USERS,OU=M3C,DC=M3C,DC=LOCAL","domainsid":"S-1-5-21-340507432-2615605230-720798708","highvalue":false,"description":"Sales","whencreated":1577961575,"blocksinheritance":false},"Links":[],"ChildObjects":[{"ObjectIdentifier":"S-1-5-21-340507432-2615605230-720798708-1275","ObjectType":"User"},{"ObjectIdentifier":"S-1-5-21-340507432-2615605230-720798708-1276","ObjectType":"User"},{"ObjectIdentifier":"S-1-5-21-340507432-2615605230-720798708-1280","ObjectType":"User"},{"ObjectIdentifier":"S-1-5-21-340507432-2615605230-720798708-1272","ObjectType":"User"},{"ObjectIdentifier":"S-1-5-21-340507432-2615605230-720798708-1281","ObjectType":"User"},{"ObjectIdentifier":"S-1-5-21-340507432-2615605230-720798708-1273","ObjectType":"User"},{"ObjectIdentifier":"S-1-5-21-340507432-2615605230-720798708-1279","ObjectType":"User"},{"ObjectIdentifier":"S-1-5-21-340507432-2615605230-720798708-1274","ObjectType":"User"},{"ObjectIdentifier":"S-1-5-21-340507432-2615605230-720798708-1277","ObjectType":"User"},{"ObjectIdentifier":"S-1-5-21-340507432-2615605230-720798708-1278","ObjectType":"User"}],"Aces":[{"PrincipalSID":"S-1-5-21-340507432-2615605230-720798708-512","PrincipalType":"Group","RightName":"Owns","IsInherited":false},{"PrincipalSID":"S-1-5-21-340507432-2615605230-720798708-512","PrincipalType":"Group","RightName":"GenericAll","IsInherited":false},{"PrincipalSID":"S-1-5-21-340507432-2615605230-720798708-519","PrincipalType":"Group","RightName":"GenericAll","IsInherited":true},{"PrincipalSID":"M3C.LOCAL-S-1-5-32-544","PrincipalType":"Group","RightName":"WriteDacl","IsInherited":true},{"PrincipalSID":"M3C.LOCAL-S-1-5-32-544","PrincipalType":"Group","RightName":"WriteOwner","IsInherited":true}],"ObjectIdentifier":"641C438D-286A-4CFB-B740-F7340C6DA492","IsDeleted":false,"IsACLProtected":false},{"GPOChanges":{"LocalAdmins":[],"RemoteDesktopUsers":[],"DcomUsers":[],"PSRemoteUsers":[],"AffectedComputers":[]},"Properties":{"domain":"M3C.LOCAL","name":"SERVER ADMINS@M3C.LOCAL","distinguishedname":"OU=SERVER ADMINS,OU=IT,OU=USERS,OU=M3C,DC=M3C,DC=LOCAL","domainsid":"S-1-5-21-340507432-2615605230-720798708","highvalue":false,"description":"Server Admins","whencreated":1577961575,"blocksinheritance":false},"Links":[],"ChildObjects":[{"ObjectIdentifier":"S-1-5-21-340507432-2615605230-720798708-1121","ObjectType":"User"},{"ObjectIdentifier":"S-1-5-21-340507432-2615605230-720798708-1114","ObjectType":"User"},{"ObjectIdentifier":"S-1-5-21-340507432-2615605230-720798708-1116","ObjectType":"User"},{"ObjectIdentifier":"S-1-5-21-340507432-2615605230-720798708-1117","ObjectType":"User"},{"ObjectIdentifier":"S-1-5-21-340507432-2615605230-720798708-1119","ObjectType":"User"},{"ObjectIdentifier":"S-1-5-21-340507432-2615605230-720798708-1115","ObjectType":"User"},{"ObjectIdentifier":"S-1-5-21-340507432-2615605230-720798708-1113","ObjectType":"User"},{"ObjectIdentifier":"S-1-5-21-340507432-2615605230-720798708-1118","ObjectType":"User"},{"ObjectIdentifier":"S-1-5-21-340507432-2615605230-720798708-1120","ObjectType":"User"},{"ObjectIdentifier":"S-1-5-21-340507432-2615605230-720798708-1122","ObjectType":"User"}],"Aces":[{"PrincipalSID":"S-1-5-21-340507432-2615605230-720798708-512","PrincipalType":"Group","RightName":"Owns","IsInherited":false},{"PrincipalSID":"S-1-5-21-340507432-2615605230-720798708-512","PrincipalType":"Group","RightName":"GenericAll","IsInherited":false},{"PrincipalSID":"S-1-5-21-340507432-2615605230-720798708-519","PrincipalType":"Group","RightName":"GenericAll","IsInherited":true},{"PrincipalSID":"M3C.LOCAL-S-1-5-32-544","PrincipalType":"Group","RightName":"WriteDacl","IsInherited":true},{"PrincipalSID":"M3C.LOCAL-S-1-5-32-544","PrincipalType":"Group","RightName":"WriteOwner","IsInherited":true}],"ObjectIdentifier":"7A8B106C-CC92-421E-B376-B523F35DE86C","IsDeleted":false,"IsACLProtected":false},{"GPOChanges":{"LocalAdmins":[],"RemoteDesktopUsers":[],"DcomUsers":[],"PSRemoteUsers":[],"AffectedComputers":[]},"Properties":{"domain":"M3C.LOCAL","name":"ACCOUNTING@M3C.LOCAL","distinguishedname":"OU=ACCOUNTING,OU=USERS,OU=M3C,DC=M3C,DC=LOCAL","domainsid":"S-1-5-21-340507432-2615605230-720798708","highvalue":false,"description":"Accounting","whencreated":1577961575,"blocksinheritance":false},"Links":[],"ChildObjects":[{"ObjectIdentifier":"S-1-5-21-340507432-2615605230-720798708-1144","ObjectType":"User"},{"ObjectIdentifier":"S-1-5-21-340507432-2615605230-720798708-1142","ObjectType":"User"},{"ObjectIdentifier":"S-1-5-21-340507432-2615605230-720798708-1136","ObjectType":"User"},{"ObjectIdentifier":"S-1-5-21-340507432-2615605230-720798708-1135","ObjectType":"User"},{"ObjectIdentifier":"S-1-5-21-340507432-2615605230-720798708-1139","ObjectType":"User"},{"ObjectIdentifier":"S-1-5-21-340507432-2615605230-720798708-1138","ObjectType":"User"},{"ObjectIdentifier":"S-1-5-21-340507432-2615605230-720798708-1141","ObjectType":"User"},{"ObjectIdentifier":"S-1-5-21-340507432-2615605230-720798708-1137","ObjectType":"User"},{"ObjectIdentifier":"S-1-5-21-340507432-2615605230-720798708-1143","ObjectType":"User"},{"ObjectIdentifier":"S-1-5-21-340507432-2615605230-720798708-1140","ObjectType":"User"}],"Aces":[{"PrincipalSID":"S-1-5-21-340507432-2615605230-720798708-512","PrincipalType":"Group","RightName":"Owns","IsInherited":false},{"PrincipalSID":"S-1-5-21-340507432-2615605230-720798708-512","PrincipalType":"Group","RightName":"GenericAll","IsInherited":false},{"PrincipalSID":"S-1-5-21-340507432-2615605230-720798708-519","PrincipalType":"Group","RightName":"GenericAll","IsInherited":true},{"PrincipalSID":"M3C.LOCAL-S-1-5-32-544","PrincipalType":"Group","RightName":"WriteDacl","IsInherited":true},{"PrincipalSID":"M3C.LOCAL-S-1-5-32-544","PrincipalType":"Group","RightName":"WriteOwner","IsInherited":true}],"ObjectIdentifier":"99AAC1CD-E7E1-450A-BC1F-94E533E58511","IsDeleted":false,"IsACLProtected":false},{"GPOChanges":{"LocalAdmins":[],"RemoteDesktopUsers":[],"DcomUsers":[],"PSRemoteUsers":[],"AffectedComputers":[]},"Properties":{"domain":"M3C.LOCAL","name":"SECURITY GROUPS@M3C.LOCAL","distinguishedname":"OU=SECURITY GROUPS,OU=M3C,DC=M3C,DC=LOCAL","domainsid":"S-1-5-21-340507432-2615605230-720798708","highvalue":false,"description":"Security Groups","whencreated":1577961575,"blocksinheritance":false},"Links":[],"ChildObjects":[{"ObjectIdentifier":"S-1-5-21-340507432-2615605230-720798708-1294","ObjectType":"Group"},{"ObjectIdentifier":"S-1-5-21-340507432-2615605230-720798708-1295","ObjectType":"Group"},{"ObjectIdentifier":"S-1-5-21-340507432-2615605230-720798708-1296","ObjectType":"Group"},{"ObjectIdentifier":"S-1-5-21-340507432-2615605230-720798708-1297","ObjectType":"Group"},{"ObjectIdentifier":"S-1-5-21-340507432-2615605230-720798708-1298","ObjectType":"Group"},{"ObjectIdentifier":"S-1-5-21-340507432-2615605230-720798708-1299","ObjectType":"Group"},{"ObjectIdentifier":"S-1-5-21-340507432-2615605230-720798708-1300","ObjectType":"Group"},{"ObjectIdentifier":"S-1-5-21-340507432-2615605230-720798708-1301","ObjectType":"Group"},{"ObjectIdentifier":"S-1-5-21-340507432-2615605230-720798708-1302","ObjectType":"Group"},{"ObjectIdentifier":"S-1-5-21-340507432-2615605230-720798708-1304","ObjectType":"Group"},{"ObjectIdentifier":"S-1-5-21-340507432-2615605230-720798708-1303","ObjectType":"Group"},{"ObjectIdentifier":"S-1-5-21-340507432-2615605230-720798708-1305","ObjectType":"Group"},{"ObjectIdentifier":"S-1-5-21-340507432-2615605230-720798708-1306","ObjectType":"Group"},{"ObjectIdentifier":"S-1-5-21-340507432-2615605230-720798708-1307","ObjectType":"Group"},{"ObjectIdentifier":"S-1-5-21-340507432-2615605230-720798708-1308","ObjectType":"Group"},{"ObjectIdentifier":"S-1-5-21-340507432-2615605230-720798708-1309","ObjectType":"Group"},{"ObjectIdentifier":"S-1-5-21-340507432-2615605230-720798708-1310","ObjectType":"Group"},{"ObjectIdentifier":"S-1-5-21-340507432-2615605230-720798708-1311","ObjectType":"Group"},{"ObjectIdentifier":"S-1-5-21-340507432-2615605230-720798708-1312","ObjectType":"Group"},{"ObjectIdentifier":"S-1-5-21-340507432-2615605230-720798708-1313","ObjectType":"Group"},{"ObjectIdentifier":"S-1-5-21-340507432-2615605230-720798708-1314","ObjectType":"Group"}],"Aces":[{"PrincipalSID":"S-1-5-21-340507432-2615605230-720798708-512","PrincipalType":"Group","RightName":"Owns","IsInherited":false},{"PrincipalSID":"S-1-5-21-340507432-2615605230-720798708-512","PrincipalType":"Group","RightName":"GenericAll","IsInherited":false},{"PrincipalSID":"S-1-5-21-340507432-2615605230-720798708-519","PrincipalType":"Group","RightName":"GenericAll","IsInherited":true},{"PrincipalSID":"M3C.LOCAL-S-1-5-32-544","PrincipalType":"Group","RightName":"WriteDacl","IsInherited":true},{"PrincipalSID":"M3C.LOCAL-S-1-5-32-544","PrincipalType":"Group","RightName":"WriteOwner","IsInherited":true}],"ObjectIdentifier":"3C1E6EB5-A74C-48DE-8782-8C97AE4A753C","IsDeleted":false,"IsACLProtected":false},{"GPOChanges":{"LocalAdmins":[],"RemoteDesktopUsers":[],"DcomUsers":[],"PSRemoteUsers":[],"AffectedComputers":[]},"Properties":{"domain":"M3C.LOCAL","name":"ENGINEERING@M3C.LOCAL","distinguishedname":"OU=ENGINEERING,OU=USERS,OU=M3C,DC=M3C,DC=LOCAL","domainsid":"S-1-5-21-340507432-2615605230-720798708","highvalue":false,"description":"Engineering","whencreated":1577961575,"blocksinheritance":false},"Links":[],"ChildObjects":[{"ObjectIdentifier":"S-1-5-21-340507432-2615605230-720798708-1182","ObjectType":"User"},{"ObjectIdentifier":"S-1-5-21-340507432-2615605230-720798708-1187","ObjectType":"User"},{"ObjectIdentifier":"S-1-5-21-340507432-2615605230-720798708-1183","ObjectType":"User"},{"ObjectIdentifier":"S-1-5-21-340507432-2615605230-720798708-1189","ObjectType":"User"},{"ObjectIdentifier":"S-1-5-21-340507432-2615605230-720798708-1185","ObjectType":"User"},{"ObjectIdentifier":"S-1-5-21-340507432-2615605230-720798708-1184","ObjectType":"User"},{"ObjectIdentifier":"S-1-5-21-340507432-2615605230-720798708-1186","ObjectType":"User"},{"ObjectIdentifier":"S-1-5-21-340507432-2615605230-720798708-1188","ObjectType":"User"},{"ObjectIdentifier":"S-1-5-21-340507432-2615605230-720798708-1190","ObjectType":"User"},{"ObjectIdentifier":"S-1-5-21-340507432-2615605230-720798708-1191","ObjectType":"User"}],"Aces":[{"PrincipalSID":"S-1-5-21-340507432-2615605230-720798708-512","PrincipalType":"Group","RightName":"Owns","IsInherited":false},{"PrincipalSID":"S-1-5-21-340507432-2615605230-720798708-512","PrincipalType":"Group","RightName":"GenericAll","IsInherited":false},{"PrincipalSID":"S-1-5-21-340507432-2615605230-720798708-519","PrincipalType":"Group","RightName":"GenericAll","IsInherited":true},{"PrincipalSID":"M3C.LOCAL-S-1-5-32-544","PrincipalType":"Group","RightName":"WriteDacl","IsInherited":true},{"PrincipalSID":"M3C.LOCAL-S-1-5-32-544","PrincipalType":"Group","RightName":"WriteOwner","IsInherited":true}],"ObjectIdentifier":"A18EDDAE-7C70-4FA5-8BD8-3986D0196F2C","IsDeleted":false,"IsACLProtected":false},{"GPOChanges":{"LocalAdmins":[],"RemoteDesktopUsers":[],"DcomUsers":[],"PSRemoteUsers":[],"AffectedComputers":[]},"Properties":{"domain":"M3C.LOCAL","name":"QUALITY ASSURANCE@M3C.LOCAL","distinguishedname":"OU=QUALITY ASSURANCE,OU=USERS,OU=M3C,DC=M3C,DC=LOCAL","domainsid":"S-1-5-21-340507432-2615605230-720798708","highvalue":false,"description":"Quality Assurance","whencreated":1577961575,"blocksinheritance":false},"Links":[],"ChildObjects":[{"ObjectIdentifier":"S-1-5-21-340507432-2615605230-720798708-1220","ObjectType":"User"},{"ObjectIdentifier":"S-1-5-21-340507432-2615605230-720798708-1212","ObjectType":"User"},{"ObjectIdentifier":"S-1-5-21-340507432-2615605230-720798708-1218","ObjectType":"User"},{"ObjectIdentifier":"S-1-5-21-340507432-2615605230-720798708-1221","ObjectType":"User"},{"ObjectIdentifier":"S-1-5-21-340507432-2615605230-720798708-1219","ObjectType":"User"},{"ObjectIdentifier":"S-1-5-21-340507432-2615605230-720798708-1214","ObjectType":"User"},{"ObjectIdentifier":"S-1-5-21-340507432-2615605230-720798708-1215","ObjectType":"User"},{"ObjectIdentifier":"S-1-5-21-340507432-2615605230-720798708-1216","ObjectType":"User"},{"ObjectIdentifier":"S-1-5-21-340507432-2615605230-720798708-1217","ObjectType":"User"},{"ObjectIdentifier":"S-1-5-21-340507432-2615605230-720798708-1213","ObjectType":"User"}],"Aces":[{"PrincipalSID":"S-1-5-21-340507432-2615605230-720798708-512","PrincipalType":"Group","RightName":"Owns","IsInherited":false},{"PrincipalSID":"S-1-5-21-340507432-2615605230-720798708-512","PrincipalType":"Group","RightName":"GenericAll","IsInherited":false},{"PrincipalSID":"S-1-5-21-340507432-2615605230-720798708-519","PrincipalType":"Group","RightName":"GenericAll","IsInherited":true},{"PrincipalSID":"M3C.LOCAL-S-1-5-32-544","PrincipalType":"Group","RightName":"WriteDacl","IsInherited":true},{"PrincipalSID":"M3C.LOCAL-S-1-5-32-544","PrincipalType":"Group","RightName":"WriteOwner","IsInherited":true}],"ObjectIdentifier":"90D920F6-92EA-4632-B989-19CD1448B8DE","IsDeleted":false,"IsACLProtected":false},{"GPOChanges":{"LocalAdmins":[],"RemoteDesktopUsers":[],"DcomUsers":[],"PSRemoteUsers":[],"AffectedComputers":[]},"Properties":{"domain":"M3C.LOCAL","name":"FILE SERVERS@M3C.LOCAL","distinguishedname":"OU=FILE SERVERS,OU=SERVERS,OU=COMPUTERS,OU=M3C,DC=M3C,DC=LOCAL","domainsid":"S-1-5-21-340507432-2615605230-720798708","highvalue":false,"description":"File Servers","whencreated":1577961576,"blocksinheritance":false},"Links":[],"ChildObjects":[],"Aces":[{"PrincipalSID":"S-1-5-21-340507432-2615605230-720798708-512","PrincipalType":"Group","RightName":"Owns","IsInherited":false},{"PrincipalSID":"S-1-5-21-340507432-2615605230-720798708-512","PrincipalType":"Group","RightName":"GenericAll","IsInherited":false},{"PrincipalSID":"S-1-5-21-340507432-2615605230-720798708-519","PrincipalType":"Group","RightName":"GenericAll","IsInherited":true},{"PrincipalSID":"M3C.LOCAL-S-1-5-32-544","PrincipalType":"Group","RightName":"WriteDacl","IsInherited":true},{"PrincipalSID":"M3C.LOCAL-S-1-5-32-544","PrincipalType":"Group","RightName":"WriteOwner","IsInherited":true}],"ObjectIdentifier":"CF900A81-50B8-47F5-B722-3A97F170892A","IsDeleted":false,"IsACLProtected":false},{"GPOChanges":{"LocalAdmins":[],"RemoteDesktopUsers":[],"DcomUsers":[],"PSRemoteUsers":[],"AffectedComputers":[]},"Properties":{"domain":"M3C.LOCAL","name":"IT ADMINS@M3C.LOCAL","distinguishedname":"OU=IT ADMINS,OU=IT,OU=USERS,OU=M3C,DC=M3C,DC=LOCAL","domainsid":"S-1-5-21-340507432-2615605230-720798708","highvalue":false,"description":"IT Admins","whencreated":1577961575,"blocksinheritance":false},"Links":[],"ChildObjects":[{"ObjectIdentifier":"S-1-5-21-340507432-2615605230-720798708-1133","ObjectType":"User"},{"ObjectIdentifier":"S-1-5-21-340507432-2615605230-720798708-1131","ObjectType":"User"},{"ObjectIdentifier":"S-1-5-21-340507432-2615605230-720798708-1134","ObjectType":"User"},{"ObjectIdentifier":"S-1-5-21-340507432-2615605230-720798708-1130","ObjectType":"User"},{"ObjectIdentifier":"S-1-5-21-340507432-2615605230-720798708-1132","ObjectType":"User"}],"Aces":[{"PrincipalSID":"S-1-5-21-340507432-2615605230-720798708-512","PrincipalType":"Group","RightName":"Owns","IsInherited":false},{"PrincipalSID":"S-1-5-21-340507432-2615605230-720798708-512","PrincipalType":"Group","RightName":"GenericAll","IsInherited":false},{"PrincipalSID":"S-1-5-21-340507432-2615605230-720798708-519","PrincipalType":"Group","RightName":"GenericAll","IsInherited":true},{"PrincipalSID":"M3C.LOCAL-S-1-5-32-544","PrincipalType":"Group","RightName":"WriteDacl","IsInherited":true},{"PrincipalSID":"M3C.LOCAL-S-1-5-32-544","PrincipalType":"Group","RightName":"WriteOwner","IsInherited":true}],"ObjectIdentifier":"03B58EA5-2714-46A3-BDFC-28A1E4CC863B","IsDeleted":false,"IsACLProtected":false},{"GPOChanges":{"LocalAdmins":[],"RemoteDesktopUsers":[],"DcomUsers":[],"PSRemoteUsers":[],"AffectedComputers":[]},"Properties":{"domain":"M3C.LOCAL","name":"WAP SERVERS@M3C.LOCAL","distinguishedname":"OU=WAP SERVERS,OU=SERVERS,OU=COMPUTERS,OU=M3C,DC=M3C,DC=LOCAL","domainsid":"S-1-5-21-340507432-2615605230-720798708","highvalue":false,"description":"WAP Servers","whencreated":1577961576,"blocksinheritance":false},"Links":[],"ChildObjects":[],"Aces":[{"PrincipalSID":"S-1-5-21-340507432-2615605230-720798708-512","PrincipalType":"Group","RightName":"Owns","IsInherited":false},{"PrincipalSID":"S-1-5-21-340507432-2615605230-720798708-512","PrincipalType":"Group","RightName":"GenericAll","IsInherited":false},{"PrincipalSID":"S-1-5-21-340507432-2615605230-720798708-519","PrincipalType":"Group","RightName":"GenericAll","IsInherited":true},{"PrincipalSID":"M3C.LOCAL-S-1-5-32-544","PrincipalType":"Group","RightName":"WriteDacl","IsInherited":true},{"PrincipalSID":"M3C.LOCAL-S-1-5-32-544","PrincipalType":"Group","RightName":"WriteOwner","IsInherited":true}],"ObjectIdentifier":"B4726F17-D3C6-460A-A18C-FAF95751F45D","IsDeleted":false,"IsACLProtected":false},{"GPOChanges":{"LocalAdmins":[],"RemoteDesktopUsers":[],"DcomUsers":[],"PSRemoteUsers":[],"AffectedComputers":[]},"Properties":{"domain":"M3C.LOCAL","name":"M3C@M3C.LOCAL","distinguishedname":"OU=M3C,DC=M3C,DC=LOCAL","domainsid":"S-1-5-21-340507432-2615605230-720798708","highvalue":false,"description":"m3c","whencreated":1577961575,"blocksinheritance":false},"Links":[],"ChildObjects":[{"ObjectIdentifier":"65DD88C5-DB73-4C8A-AC06-A2EF4B54BB80","ObjectType":"OU"},{"ObjectIdentifier":"3C1E6EB5-A74C-48DE-8782-8C97AE4A753C","ObjectType":"OU"},{"ObjectIdentifier":"B09F8A42-544C-4BE5-9DC5-12C35E502A1C","ObjectType":"OU"}],"Aces":[{"PrincipalSID":"S-1-5-21-340507432-2615605230-720798708-512","PrincipalType":"Group","RightName":"Owns","IsInherited":false},{"PrincipalSID":"S-1-5-21-340507432-2615605230-720798708-512","PrincipalType":"Group","RightName":"GenericAll","IsInherited":false},{"PrincipalSID":"S-1-5-21-340507432-2615605230-720798708-519","PrincipalType":"Group","RightName":"GenericAll","IsInherited":true},{"PrincipalSID":"M3C.LOCAL-S-1-5-32-544","PrincipalType":"Group","RightName":"WriteDacl","IsInherited":true},{"PrincipalSID":"M3C.LOCAL-S-1-5-32-544","PrincipalType":"Group","RightName":"WriteOwner","IsInherited":true}],"ObjectIdentifier":"B4E60AB2-A561-4C45-9396-14644851FB47","IsDeleted":false,"IsACLProtected":false},{"GPOChanges":{"LocalAdmins":[],"RemoteDesktopUsers":[],"DcomUsers":[],"PSRemoteUsers":[],"AffectedComputers":[]},"Properties":{"domain":"M3C.LOCAL","name":"BUSINESS DEVELOPMENT@M3C.LOCAL","distinguishedname":"OU=BUSINESS DEVELOPMENT,OU=USERS,OU=M3C,DC=M3C,DC=LOCAL","domainsid":"S-1-5-21-340507432-2615605230-720798708","highvalue":false,"description":"Business Development","whencreated":1577961575,"blocksinheritance":false},"Links":[],"ChildObjects":[{"ObjectIdentifier":"S-1-5-21-340507432-2615605230-720798708-1174","ObjectType":"User"},{"ObjectIdentifier":"S-1-5-21-340507432-2615605230-720798708-1176","ObjectType":"User"},{"ObjectIdentifier":"S-1-5-21-340507432-2615605230-720798708-1180","ObjectType":"User"},{"ObjectIdentifier":"S-1-5-21-340507432-2615605230-720798708-1173","ObjectType":"User"},{"ObjectIdentifier":"S-1-5-21-340507432-2615605230-720798708-1175","ObjectType":"User"},{"ObjectIdentifier":"S-1-5-21-340507432-2615605230-720798708-1178","ObjectType":"User"},{"ObjectIdentifier":"S-1-5-21-340507432-2615605230-720798708-1181","ObjectType":"User"},{"ObjectIdentifier":"S-1-5-21-340507432-2615605230-720798708-1179","ObjectType":"User"},{"ObjectIdentifier":"S-1-5-21-340507432-2615605230-720798708-1172","ObjectType":"User"},{"ObjectIdentifier":"S-1-5-21-340507432-2615605230-720798708-1177","ObjectType":"User"}],"Aces":[{"PrincipalSID":"S-1-5-21-340507432-2615605230-720798708-512","PrincipalType":"Group","RightName":"Owns","IsInherited":false},{"PrincipalSID":"S-1-5-21-340507432-2615605230-720798708-512","PrincipalType":"Group","RightName":"GenericAll","IsInherited":false},{"PrincipalSID":"S-1-5-21-340507432-2615605230-720798708-519","PrincipalType":"Group","RightName":"GenericAll","IsInherited":true},{"PrincipalSID":"M3C.LOCAL-S-1-5-32-544","PrincipalType":"Group","RightName":"WriteDacl","IsInherited":true},{"PrincipalSID":"M3C.LOCAL-S-1-5-32-544","PrincipalType":"Group","RightName":"WriteOwner","IsInherited":true}],"ObjectIdentifier":"6E6559B3-BF37-479E-A922-BC252DF8275E","IsDeleted":false,"IsACLProtected":false},{"GPOChanges":{"LocalAdmins":[],"RemoteDesktopUsers":[],"DcomUsers":[],"PSRemoteUsers":[],"AffectedComputers":[]},"Properties":{"domain":"M3C.LOCAL","name":"PURCHASING@M3C.LOCAL","distinguishedname":"OU=PURCHASING,OU=USERS,OU=M3C,DC=M3C,DC=LOCAL","domainsid":"S-1-5-21-340507432-2615605230-720798708","highvalue":false,"description":"Purchasing","whencreated":1577961575,"blocksinheritance":false},"Links":[],"ChildObjects":[{"ObjectIdentifier":"S-1-5-21-340507432-2615605230-720798708-1197","ObjectType":"User"},{"ObjectIdentifier":"S-1-5-21-340507432-2615605230-720798708-1194","ObjectType":"User"},{"ObjectIdentifier":"S-1-5-21-340507432-2615605230-720798708-1199","ObjectType":"User"},{"ObjectIdentifier":"S-1-5-21-340507432-2615605230-720798708-1201","ObjectType":"User"},{"ObjectIdentifier":"S-1-5-21-340507432-2615605230-720798708-1193","ObjectType":"User"},{"ObjectIdentifier":"S-1-5-21-340507432-2615605230-720798708-1198","ObjectType":"User"},{"ObjectIdentifier":"S-1-5-21-340507432-2615605230-720798708-1195","ObjectType":"User"},{"ObjectIdentifier":"S-1-5-21-340507432-2615605230-720798708-1192","ObjectType":"User"},{"ObjectIdentifier":"S-1-5-21-340507432-2615605230-720798708-1196","ObjectType":"User"},{"ObjectIdentifier":"S-1-5-21-340507432-2615605230-720798708-1200","ObjectType":"User"}],"Aces":[{"PrincipalSID":"S-1-5-21-340507432-2615605230-720798708-512","PrincipalType":"Group","RightName":"Owns","IsInherited":false},{"PrincipalSID":"S-1-5-21-340507432-2615605230-720798708-512","PrincipalType":"Group","RightName":"GenericAll","IsInherited":false},{"PrincipalSID":"S-1-5-21-340507432-2615605230-720798708-519","PrincipalType":"Group","RightName":"GenericAll","IsInherited":true},{"PrincipalSID":"M3C.LOCAL-S-1-5-32-544","PrincipalType":"Group","RightName":"WriteDacl","IsInherited":true},{"PrincipalSID":"M3C.LOCAL-S-1-5-32-544","PrincipalType":"Group","RightName":"WriteOwner","IsInherited":true}],"ObjectIdentifier":"BAFD517B-A43F-4DD9-A5EA-A1D5540B5559","IsDeleted":false,"IsACLProtected":false},{"GPOChanges":{"LocalAdmins":[],"RemoteDesktopUsers":[],"DcomUsers":[],"PSRemoteUsers":[],"AffectedComputers":[]},"Properties":{"domain":"M3C.LOCAL","name":"OPERATIONS@M3C.LOCAL","distinguishedname":"OU=OPERATIONS,OU=USERS,OU=M3C,DC=M3C,DC=LOCAL","domainsid":"S-1-5-21-340507432-2615605230-720798708","highvalue":false,"description":"Operations","whencreated":1577961575,"blocksinheritance":false},"Links":[],"ChildObjects":[{"ObjectIdentifier":"S-1-5-21-340507432-2615605230-720798708-1210","ObjectType":"User"},{"ObjectIdentifier":"S-1-5-21-340507432-2615605230-720798708-1206","ObjectType":"User"},{"ObjectIdentifier":"S-1-5-21-340507432-2615605230-720798708-1204","ObjectType":"User"},{"ObjectIdentifier":"S-1-5-21-340507432-2615605230-720798708-1209","ObjectType":"User"},{"ObjectIdentifier":"S-1-5-21-340507432-2615605230-720798708-1202","ObjectType":"User"},{"ObjectIdentifier":"S-1-5-21-340507432-2615605230-720798708-1205","ObjectType":"User"},{"ObjectIdentifier":"S-1-5-21-340507432-2615605230-720798708-1207","ObjectType":"User"},{"ObjectIdentifier":"S-1-5-21-340507432-2615605230-720798708-1203","ObjectType":"User"},{"ObjectIdentifier":"S-1-5-21-340507432-2615605230-720798708-1208","ObjectType":"User"},{"ObjectIdentifier":"S-1-5-21-340507432-2615605230-720798708-1211","ObjectType":"User"}],"Aces":[{"PrincipalSID":"S-1-5-21-340507432-2615605230-720798708-512","PrincipalType":"Group","RightName":"Owns","IsInherited":false},{"PrincipalSID":"S-1-5-21-340507432-2615605230-720798708-512","PrincipalType":"Group","RightName":"GenericAll","IsInherited":false},{"PrincipalSID":"S-1-5-21-340507432-2615605230-720798708-519","PrincipalType":"Group","RightName":"GenericAll","IsInherited":true},{"PrincipalSID":"M3C.LOCAL-S-1-5-32-544","PrincipalType":"Group","RightName":"WriteDacl","IsInherited":true},{"PrincipalSID":"M3C.LOCAL-S-1-5-32-544","PrincipalType":"Group","RightName":"WriteOwner","IsInherited":true}],"ObjectIdentifier":"5EAA5C1D-76F8-4CB7-9F9A-8BAC7C1A8FDF","IsDeleted":false,"IsACLProtected":false},{"GPOChanges":{"LocalAdmins":[],"RemoteDesktopUsers":[],"DcomUsers":[],"PSRemoteUsers":[],"AffectedComputers":[]},"Properties":{"domain":"M3C.LOCAL","name":"STRATEGY@M3C.LOCAL","distinguishedname":"OU=STRATEGY,OU=USERS,OU=M3C,DC=M3C,DC=LOCAL","domainsid":"S-1-5-21-340507432-2615605230-720798708","highvalue":false,"description":"Strategy","whencreated":1577961575,"blocksinheritance":false},"Links":[],"ChildObjects":[{"ObjectIdentifier":"S-1-5-21-340507432-2615605230-720798708-1247","ObjectType":"User"},{"ObjectIdentifier":"S-1-5-21-340507432-2615605230-720798708-1245","ObjectType":"User"},{"ObjectIdentifier":"S-1-5-21-340507432-2615605230-720798708-1246","ObjectType":"User"},{"ObjectIdentifier":"S-1-5-21-340507432-2615605230-720798708-1242","ObjectType":"User"},{"ObjectIdentifier":"S-1-5-21-340507432-2615605230-720798708-1244","ObjectType":"User"},{"ObjectIdentifier":"S-1-5-21-340507432-2615605230-720798708-1250","ObjectType":"User"},{"ObjectIdentifier":"S-1-5-21-340507432-2615605230-720798708-1249","ObjectType":"User"},{"ObjectIdentifier":"S-1-5-21-340507432-2615605230-720798708-1251","ObjectType":"User"},{"ObjectIdentifier":"S-1-5-21-340507432-2615605230-720798708-1248","ObjectType":"User"},{"ObjectIdentifier":"S-1-5-21-340507432-2615605230-720798708-1243","ObjectType":"User"}],"Aces":[{"PrincipalSID":"S-1-5-21-340507432-2615605230-720798708-512","PrincipalType":"Group","RightName":"Owns","IsInherited":false},{"PrincipalSID":"S-1-5-21-340507432-2615605230-720798708-512","PrincipalType":"Group","RightName":"GenericAll","IsInherited":false},{"PrincipalSID":"S-1-5-21-340507432-2615605230-720798708-519","PrincipalType":"Group","RightName":"GenericAll","IsInherited":true},{"PrincipalSID":"M3C.LOCAL-S-1-5-32-544","PrincipalType":"Group","RightName":"WriteDacl","IsInherited":true},{"PrincipalSID":"M3C.LOCAL-S-1-5-32-544","PrincipalType":"Group","RightName":"WriteOwner","IsInherited":true}],"ObjectIdentifier":"261A82D9-400F-4F18-B49A-47E023B4A3A5","IsDeleted":false,"IsACLProtected":false},{"GPOChanges":{"LocalAdmins":[],"RemoteDesktopUsers":[],"DcomUsers":[],"PSRemoteUsers":[],"AffectedComputers":[]},"Properties":{"domain":"M3C.LOCAL","name":"DIRECTORS@M3C.LOCAL","distinguishedname":"OU=DIRECTORS,OU=USERS,OU=M3C,DC=M3C,DC=LOCAL","domainsid":"S-1-5-21-340507432-2615605230-720798708","highvalue":false,"description":"Directors","whencreated":1577961575,"blocksinheritance":false},"Links":[],"ChildObjects":[{"ObjectIdentifier":"S-1-5-21-340507432-2615605230-720798708-1255","ObjectType":"User"},{"ObjectIdentifier":"S-1-5-21-340507432-2615605230-720798708-1258","ObjectType":"User"},{"ObjectIdentifier":"S-1-5-21-340507432-2615605230-720798708-1256","ObjectType":"User"},{"ObjectIdentifier":"S-1-5-21-340507432-2615605230-720798708-1253","ObjectType":"User"},{"ObjectIdentifier":"S-1-5-21-340507432-2615605230-720798708-1261","ObjectType":"User"},{"ObjectIdentifier":"S-1-5-21-340507432-2615605230-720798708-1252","ObjectType":"User"},{"ObjectIdentifier":"S-1-5-21-340507432-2615605230-720798708-1254","ObjectType":"User"},{"ObjectIdentifier":"S-1-5-21-340507432-2615605230-720798708-1259","ObjectType":"User"},{"ObjectIdentifier":"S-1-5-21-340507432-2615605230-720798708-1260","ObjectType":"User"},{"ObjectIdentifier":"S-1-5-21-340507432-2615605230-720798708-1257","ObjectType":"User"}],"Aces":[{"PrincipalSID":"S-1-5-21-340507432-2615605230-720798708-512","PrincipalType":"Group","RightName":"Owns","IsInherited":false},{"PrincipalSID":"S-1-5-21-340507432-2615605230-720798708-512","PrincipalType":"Group","RightName":"GenericAll","IsInherited":false},{"PrincipalSID":"S-1-5-21-340507432-2615605230-720798708-519","PrincipalType":"Group","RightName":"GenericAll","IsInherited":true},{"PrincipalSID":"M3C.LOCAL-S-1-5-32-544","PrincipalType":"Group","RightName":"WriteDacl","IsInherited":true},{"PrincipalSID":"M3C.LOCAL-S-1-5-32-544","PrincipalType":"Group","RightName":"WriteOwner","IsInherited":true}],"ObjectIdentifier":"20073E89-7516-469E-B90E-C5CE00803E97","IsDeleted":false,"IsACLProtected":false},{"GPOChanges":{"LocalAdmins":[],"RemoteDesktopUsers":[],"DcomUsers":[],"PSRemoteUsers":[],"AffectedComputers":[]},"Properties":{"domain":"M3C.LOCAL","name":"WEB SERVERS@M3C.LOCAL","distinguishedname":"OU=WEB SERVERS,OU=SERVERS,OU=COMPUTERS,OU=M3C,DC=M3C,DC=LOCAL","domainsid":"S-1-5-21-340507432-2615605230-720798708","highvalue":false,"description":"Web Servers","whencreated":1577961576,"blocksinheritance":false},"Links":[],"ChildObjects":[{"ObjectIdentifier":"S-1-5-21-340507432-2615605230-720798708-1318","ObjectType":"Computer"}],"Aces":[{"PrincipalSID":"S-1-5-21-340507432-2615605230-720798708-512","PrincipalType":"Group","RightName":"Owns","IsInherited":false},{"PrincipalSID":"S-1-5-21-340507432-2615605230-720798708-512","PrincipalType":"Group","RightName":"GenericAll","IsInherited":false},{"PrincipalSID":"S-1-5-21-340507432-2615605230-720798708-519","PrincipalType":"Group","RightName":"GenericAll","IsInherited":true},{"PrincipalSID":"M3C.LOCAL-S-1-5-32-544","PrincipalType":"Group","RightName":"WriteDacl","IsInherited":true},{"PrincipalSID":"M3C.LOCAL-S-1-5-32-544","PrincipalType":"Group","RightName":"WriteOwner","IsInherited":true}],"ObjectIdentifier":"4537F1F3-B5B6-4127-B784-586BCF377568","IsDeleted":false,"IsACLProtected":false},{"GPOChanges":{"LocalAdmins":[],"RemoteDesktopUsers":[],"DcomUsers":[],"PSRemoteUsers":[],"AffectedComputers":[]},"Properties":{"domain":"M3C.LOCAL","name":"LINUX ADMINS@M3C.LOCAL","distinguishedname":"OU=LINUX ADMINS,OU=IT,OU=USERS,OU=M3C,DC=M3C,DC=LOCAL","domainsid":"S-1-5-21-340507432-2615605230-720798708","highvalue":false,"description":"Linux Admins","whencreated":1577961575,"blocksinheritance":false},"Links":[],"ChildObjects":[],"Aces":[{"PrincipalSID":"S-1-5-21-340507432-2615605230-720798708-512","PrincipalType":"Group","RightName":"Owns","IsInherited":false},{"PrincipalSID":"S-1-5-21-340507432-2615605230-720798708-512","PrincipalType":"Group","RightName":"GenericAll","IsInherited":false},{"PrincipalSID":"S-1-5-21-340507432-2615605230-720798708-519","PrincipalType":"Group","RightName":"GenericAll","IsInherited":true},{"PrincipalSID":"M3C.LOCAL-S-1-5-32-544","PrincipalType":"Group","RightName":"WriteDacl","IsInherited":true},{"PrincipalSID":"M3C.LOCAL-S-1-5-32-544","PrincipalType":"Group","RightName":"WriteOwner","IsInherited":true}],"ObjectIdentifier":"D963CA10-748A-4F20-B10E-7A766E0A7DC0","IsDeleted":false,"IsACLProtected":false},{"GPOChanges":{"LocalAdmins":[],"RemoteDesktopUsers":[],"DcomUsers":[],"PSRemoteUsers":[],"AffectedComputers":[]},"Properties":{"domain":"M3C.LOCAL","name":"DEVOPS@M3C.LOCAL","distinguishedname":"OU=DEVOPS,OU=IT,OU=USERS,OU=M3C,DC=M3C,DC=LOCAL","domainsid":"S-1-5-21-340507432-2615605230-720798708","highvalue":false,"description":"DevOPs","whencreated":1577961575,"blocksinheritance":false},"Links":[],"ChildObjects":[{"ObjectIdentifier":"S-1-5-21-340507432-2615605230-720798708-1126","ObjectType":"User"},{"ObjectIdentifier":"S-1-5-21-340507432-2615605230-720798708-1127","ObjectType":"User"},{"ObjectIdentifier":"S-1-5-21-340507432-2615605230-720798708-1124","ObjectType":"User"},{"ObjectIdentifier":"S-1-5-21-340507432-2615605230-720798708-1128","ObjectType":"User"},{"ObjectIdentifier":"S-1-5-21-340507432-2615605230-720798708-1129","ObjectType":"User"},{"ObjectIdentifier":"S-1-5-21-340507432-2615605230-720798708-1123","ObjectType":"User"},{"ObjectIdentifier":"S-1-5-21-340507432-2615605230-720798708-1125","ObjectType":"User"}],"Aces":[{"PrincipalSID":"S-1-5-21-340507432-2615605230-720798708-512","PrincipalType":"Group","RightName":"Owns","IsInherited":false},{"PrincipalSID":"S-1-5-21-340507432-2615605230-720798708-512","PrincipalType":"Group","RightName":"GenericAll","IsInherited":false},{"PrincipalSID":"S-1-5-21-340507432-2615605230-720798708-519","PrincipalType":"Group","RightName":"GenericAll","IsInherited":true},{"PrincipalSID":"M3C.LOCAL-S-1-5-32-544","PrincipalType":"Group","RightName":"WriteDacl","IsInherited":true},{"PrincipalSID":"M3C.LOCAL-S-1-5-32-544","PrincipalType":"Group","RightName":"WriteOwner","IsInherited":true}],"ObjectIdentifier":"DE965B63-EA7D-4D65-8F72-D0A2A2F60D7B","IsDeleted":false,"IsACLProtected":false},{"GPOChanges":{"LocalAdmins":[],"RemoteDesktopUsers":[],"DcomUsers":[],"PSRemoteUsers":[],"AffectedComputers":[]},"Properties":{"domain":"M3C.LOCAL","name":"IT@M3C.LOCAL","distinguishedname":"OU=IT,OU=USERS,OU=M3C,DC=M3C,DC=LOCAL","domainsid":"S-1-5-21-340507432-2615605230-720798708","highvalue":false,"description":"IT","whencreated":1577961575,"blocksinheritance":false},"Links":[],"ChildObjects":[{"ObjectIdentifier":"DE965B63-EA7D-4D65-8F72-D0A2A2F60D7B","ObjectType":"OU"},{"ObjectIdentifier":"8C715B67-DEB1-4881-8F04-5DFB3CF9A9E4","ObjectType":"OU"},{"ObjectIdentifier":"03B58EA5-2714-46A3-BDFC-28A1E4CC863B","ObjectType":"OU"},{"ObjectIdentifier":"D963CA10-748A-4F20-B10E-7A766E0A7DC0","ObjectType":"OU"},{"ObjectIdentifier":"7A8B106C-CC92-421E-B376-B523F35DE86C","ObjectType":"OU"},{"ObjectIdentifier":"74C60EEE-94FD-41F5-B2C5-29BF0BF429B7","ObjectType":"OU"}],"Aces":[{"PrincipalSID":"S-1-5-21-340507432-2615605230-720798708-512","PrincipalType":"Group","RightName":"Owns","IsInherited":false},{"PrincipalSID":"S-1-5-21-340507432-2615605230-720798708-512","PrincipalType":"Group","RightName":"GenericAll","IsInherited":false},{"PrincipalSID":"S-1-5-21-340507432-2615605230-720798708-519","PrincipalType":"Group","RightName":"GenericAll","IsInherited":true},{"PrincipalSID":"M3C.LOCAL-S-1-5-32-544","PrincipalType":"Group","RightName":"WriteDacl","IsInherited":true},{"PrincipalSID":"M3C.LOCAL-S-1-5-32-544","PrincipalType":"Group","RightName":"WriteOwner","IsInherited":true}],"ObjectIdentifier":"6A08747E-7B92-4104-822D-BD524E438797","IsDeleted":false,"IsACLProtected":false},{"GPOChanges":{"LocalAdmins":[],"RemoteDesktopUsers":[],"DcomUsers":[],"PSRemoteUsers":[],"AffectedComputers":[]},"Properties":{"domain":"M3C.LOCAL","name":"HUMAN RESOURCES@M3C.LOCAL","distinguishedname":"OU=HUMAN RESOURCES,OU=USERS,OU=M3C,DC=M3C,DC=LOCAL","domainsid":"S-1-5-21-340507432-2615605230-720798708","highvalue":false,"description":"Human Resources","whencreated":1577961575,"blocksinheritance":false},"Links":[],"ChildObjects":[{"ObjectIdentifier":"S-1-5-21-340507432-2615605230-720798708-1285","ObjectType":"User"},{"ObjectIdentifier":"S-1-5-21-340507432-2615605230-720798708-1288","ObjectType":"User"},{"ObjectIdentifier":"S-1-5-21-340507432-2615605230-720798708-1284","ObjectType":"User"},{"ObjectIdentifier":"S-1-5-21-340507432-2615605230-720798708-1283","ObjectType":"User"},{"ObjectIdentifier":"S-1-5-21-340507432-2615605230-720798708-1286","ObjectType":"User"},{"ObjectIdentifier":"S-1-5-21-340507432-2615605230-720798708-1287","ObjectType":"User"},{"ObjectIdentifier":"S-1-5-21-340507432-2615605230-720798708-1289","ObjectType":"User"},{"ObjectIdentifier":"S-1-5-21-340507432-2615605230-720798708-1291","ObjectType":"User"},{"ObjectIdentifier":"S-1-5-21-340507432-2615605230-720798708-1290","ObjectType":"User"},{"ObjectIdentifier":"S-1-5-21-340507432-2615605230-720798708-1282","ObjectType":"User"}],"Aces":[{"PrincipalSID":"S-1-5-21-340507432-2615605230-720798708-512","PrincipalType":"Group","RightName":"Owns","IsInherited":false},{"PrincipalSID":"S-1-5-21-340507432-2615605230-720798708-512","PrincipalType":"Group","RightName":"GenericAll","IsInherited":false},{"PrincipalSID":"S-1-5-21-340507432-2615605230-720798708-519","PrincipalType":"Group","RightName":"GenericAll","IsInherited":true},{"PrincipalSID":"M3C.LOCAL-S-1-5-32-544","PrincipalType":"Group","RightName":"WriteDacl","IsInherited":true},{"PrincipalSID":"M3C.LOCAL-S-1-5-32-544","PrincipalType":"Group","RightName":"WriteOwner","IsInherited":true}],"ObjectIdentifier":"FC075E84-8ADA-4624-BA68-1DDE8501A6FC","IsDeleted":false,"IsACLProtected":false},{"GPOChanges":{"LocalAdmins":[],"RemoteDesktopUsers":[],"DcomUsers":[],"PSRemoteUsers":[],"AffectedComputers":[]},"Properties":{"domain":"M3C.LOCAL","name":"MARKETING@M3C.LOCAL","distinguishedname":"OU=MARKETING,OU=USERS,OU=M3C,DC=M3C,DC=LOCAL","domainsid":"S-1-5-21-340507432-2615605230-720798708","highvalue":false,"description":"Marketing","whencreated":1577961575,"blocksinheritance":false},"Links":[],"ChildObjects":[{"ObjectIdentifier":"S-1-5-21-340507432-2615605230-720798708-1268","ObjectType":"User"},{"ObjectIdentifier":"S-1-5-21-340507432-2615605230-720798708-1270","ObjectType":"User"},{"ObjectIdentifier":"S-1-5-21-340507432-2615605230-720798708-1267","ObjectType":"User"},{"ObjectIdentifier":"S-1-5-21-340507432-2615605230-720798708-1263","ObjectType":"User"},{"ObjectIdentifier":"S-1-5-21-340507432-2615605230-720798708-1262","ObjectType":"User"},{"ObjectIdentifier":"S-1-5-21-340507432-2615605230-720798708-1264","ObjectType":"User"},{"ObjectIdentifier":"S-1-5-21-340507432-2615605230-720798708-1269","ObjectType":"User"},{"ObjectIdentifier":"S-1-5-21-340507432-2615605230-720798708-1266","ObjectType":"User"},{"ObjectIdentifier":"S-1-5-21-340507432-2615605230-720798708-1265","ObjectType":"User"},{"ObjectIdentifier":"S-1-5-21-340507432-2615605230-720798708-1271","ObjectType":"User"}],"Aces":[{"PrincipalSID":"S-1-5-21-340507432-2615605230-720798708-512","PrincipalType":"Group","RightName":"Owns","IsInherited":false},{"PrincipalSID":"S-1-5-21-340507432-2615605230-720798708-512","PrincipalType":"Group","RightName":"GenericAll","IsInherited":false},{"PrincipalSID":"S-1-5-21-340507432-2615605230-720798708-519","PrincipalType":"Group","RightName":"GenericAll","IsInherited":true},{"PrincipalSID":"M3C.LOCAL-S-1-5-32-544","PrincipalType":"Group","RightName":"WriteDacl","IsInherited":true},{"PrincipalSID":"M3C.LOCAL-S-1-5-32-544","PrincipalType":"Group","RightName":"WriteOwner","IsInherited":true}],"ObjectIdentifier":"2C6DD722-2D08-4022-A3B0-3A27BF3841EC","IsDeleted":false,"IsACLProtected":false},{"GPOChanges":{"LocalAdmins":[],"RemoteDesktopUsers":[],"DcomUsers":[],"PSRemoteUsers":[],"AffectedComputers":[]},"Properties":{"domain":"M3C.LOCAL","name":"USERS@M3C.LOCAL","distinguishedname":"OU=USERS,OU=M3C,DC=M3C,DC=LOCAL","domainsid":"S-1-5-21-340507432-2615605230-720798708","highvalue":false,"description":"Users","whencreated":1577961575,"blocksinheritance":false},"Links":[],"ChildObjects":[{"ObjectIdentifier":"99AAC1CD-E7E1-450A-BC1F-94E533E58511","ObjectType":"OU"},{"ObjectIdentifier":"21239D3F-2956-4C84-828A-DEF2450E1388","ObjectType":"OU"},{"ObjectIdentifier":"6E6559B3-BF37-479E-A922-BC252DF8275E","ObjectType":"OU"},{"ObjectIdentifier":"A9D480BE-B7C4-481D-B897-DBB175A5D74C","ObjectType":"OU"},{"ObjectIdentifier":"E2F0892E-EB0A-4765-95E8-D4E60F078893","ObjectType":"OU"},{"ObjectIdentifier":"20073E89-7516-469E-B90E-C5CE00803E97","ObjectType":"OU"},{"ObjectIdentifier":"A18EDDAE-7C70-4FA5-8BD8-3986D0196F2C","ObjectType":"OU"},{"ObjectIdentifier":"FC075E84-8ADA-4624-BA68-1DDE8501A6FC","ObjectType":"OU"},{"ObjectIdentifier":"C7C2A0D6-9B3F-4855-8B2A-392166E9BDE0","ObjectType":"OU"},{"ObjectIdentifier":"6A08747E-7B92-4104-822D-BD524E438797","ObjectType":"OU"},{"ObjectIdentifier":"10FD66C8-9C01-49C0-8A4D-4C98C01DBADE","ObjectType":"OU"},{"ObjectIdentifier":"2C6DD722-2D08-4022-A3B0-3A27BF3841EC","ObjectType":"OU"},{"ObjectIdentifier":"5EAA5C1D-76F8-4CB7-9F9A-8BAC7C1A8FDF","ObjectType":"OU"},{"ObjectIdentifier":"BAFD517B-A43F-4DD9-A5EA-A1D5540B5559","ObjectType":"OU"},{"ObjectIdentifier":"90D920F6-92EA-4632-B989-19CD1448B8DE","ObjectType":"OU"},{"ObjectIdentifier":"641C438D-286A-4CFB-B740-F7340C6DA492","ObjectType":"OU"},{"ObjectIdentifier":"261A82D9-400F-4F18-B49A-47E023B4A3A5","ObjectType":"OU"}],"Aces":[{"PrincipalSID":"S-1-5-21-340507432-2615605230-720798708-512","PrincipalType":"Group","RightName":"Owns","IsInherited":false},{"PrincipalSID":"S-1-5-21-340507432-2615605230-720798708-512","PrincipalType":"Group","RightName":"GenericAll","IsInherited":false},{"PrincipalSID":"S-1-5-21-340507432-2615605230-720798708-519","PrincipalType":"Group","RightName":"GenericAll","IsInherited":true},{"PrincipalSID":"M3C.LOCAL-S-1-5-32-544","PrincipalType":"Group","RightName":"WriteDacl","IsInherited":true},{"PrincipalSID":"M3C.LOCAL-S-1-5-32-544","PrincipalType":"Group","RightName":"WriteOwner","IsInherited":true}],"ObjectIdentifier":"B09F8A42-544C-4BE5-9DC5-12C35E502A1C","IsDeleted":false,"IsACLProtected":false},{"GPOChanges":{"LocalAdmins":[],"RemoteDesktopUsers":[],"DcomUsers":[],"PSRemoteUsers":[],"AffectedComputers":[]},"Properties":{"domain":"M3C.LOCAL","name":"WORKSTATIONS@M3C.LOCAL","distinguishedname":"OU=WORKSTATIONS,OU=COMPUTERS,OU=M3C,DC=M3C,DC=LOCAL","domainsid":"S-1-5-21-340507432-2615605230-720798708","highvalue":false,"description":"Workstations","whencreated":1577961575,"blocksinheritance":false},"Links":[],"ChildObjects":[],"Aces":[{"PrincipalSID":"S-1-5-21-340507432-2615605230-720798708-512","PrincipalType":"Group","RightName":"Owns","IsInherited":false},{"PrincipalSID":"S-1-5-21-340507432-2615605230-720798708-512","PrincipalType":"Group","RightName":"GenericAll","IsInherited":false},{"PrincipalSID":"S-1-5-21-340507432-2615605230-720798708-519","PrincipalType":"Group","RightName":"GenericAll","IsInherited":true},{"PrincipalSID":"M3C.LOCAL-S-1-5-32-544","PrincipalType":"Group","RightName":"WriteDacl","IsInherited":true},{"PrincipalSID":"M3C.LOCAL-S-1-5-32-544","PrincipalType":"Group","RightName":"WriteOwner","IsInherited":true}],"ObjectIdentifier":"AD5019D1-6463-42D9-92F5-CD5731DD25B6","IsDeleted":false,"IsACLProtected":false},{"GPOChanges":{"LocalAdmins":[],"RemoteDesktopUsers":[],"DcomUsers":[],"PSRemoteUsers":[],"AffectedComputers":[]},"Properties":{"domain":"M3C.LOCAL","name":"CUSTOMER SERVICE@M3C.LOCAL","distinguishedname":"OU=CUSTOMER SERVICE,OU=USERS,OU=M3C,DC=M3C,DC=LOCAL","domainsid":"S-1-5-21-340507432-2615605230-720798708","highvalue":false,"description":"Customer Service","whencreated":1577961575,"blocksinheritance":false},"Links":[],"ChildObjects":[{"ObjectIdentifier":"S-1-5-21-340507432-2615605230-720798708-1228","ObjectType":"User"},{"ObjectIdentifier":"S-1-5-21-340507432-2615605230-720798708-1229","ObjectType":"User"},{"ObjectIdentifier":"S-1-5-21-340507432-2615605230-720798708-1231","ObjectType":"User"},{"ObjectIdentifier":"S-1-5-21-340507432-2615605230-720798708-1222","ObjectType":"User"},{"ObjectIdentifier":"S-1-5-21-340507432-2615605230-720798708-1224","ObjectType":"User"},{"ObjectIdentifier":"S-1-5-21-340507432-2615605230-720798708-1226","ObjectType":"User"},{"ObjectIdentifier":"S-1-5-21-340507432-2615605230-720798708-1227","ObjectType":"User"},{"ObjectIdentifier":"S-1-5-21-340507432-2615605230-720798708-1223","ObjectType":"User"},{"ObjectIdentifier":"S-1-5-21-340507432-2615605230-720798708-1225","ObjectType":"User"},{"ObjectIdentifier":"S-1-5-21-340507432-2615605230-720798708-1230","ObjectType":"User"}],"Aces":[{"PrincipalSID":"S-1-5-21-340507432-2615605230-720798708-512","PrincipalType":"Group","RightName":"Owns","IsInherited":false},{"PrincipalSID":"S-1-5-21-340507432-2615605230-720798708-512","PrincipalType":"Group","RightName":"GenericAll","IsInherited":false},{"PrincipalSID":"S-1-5-21-340507432-2615605230-720798708-519","PrincipalType":"Group","RightName":"GenericAll","IsInherited":true},{"PrincipalSID":"M3C.LOCAL-S-1-5-32-544","PrincipalType":"Group","RightName":"WriteDacl","IsInherited":true},{"PrincipalSID":"M3C.LOCAL-S-1-5-32-544","PrincipalType":"Group","RightName":"WriteOwner","IsInherited":true}],"ObjectIdentifier":"E2F0892E-EB0A-4765-95E8-D4E60F078893","IsDeleted":false,"IsACLProtected":false},{"GPOChanges":{"LocalAdmins":[],"RemoteDesktopUsers":[],"DcomUsers":[],"PSRemoteUsers":[],"AffectedComputers":[]},"Properties":{"domain":"M3C.LOCAL","name":"ADFS SERVERS@M3C.LOCAL","distinguishedname":"OU=ADFS SERVERS,OU=SERVERS,OU=COMPUTERS,OU=M3C,DC=M3C,DC=LOCAL","domainsid":"S-1-5-21-340507432-2615605230-720798708","highvalue":false,"description":"ADFS Servers","whencreated":1577961575,"blocksinheritance":false},"Links":[],"ChildObjects":[],"Aces":[{"PrincipalSID":"S-1-5-21-340507432-2615605230-720798708-512","PrincipalType":"Group","RightName":"Owns","IsInherited":false},{"PrincipalSID":"S-1-5-21-340507432-2615605230-720798708-512","PrincipalType":"Group","RightName":"GenericAll","IsInherited":false},{"PrincipalSID":"S-1-5-21-340507432-2615605230-720798708-519","PrincipalType":"Group","RightName":"GenericAll","IsInherited":true},{"PrincipalSID":"M3C.LOCAL-S-1-5-32-544","PrincipalType":"Group","RightName":"WriteDacl","IsInherited":true},{"PrincipalSID":"M3C.LOCAL-S-1-5-32-544","PrincipalType":"Group","RightName":"WriteOwner","IsInherited":true}],"ObjectIdentifier":"C45B8DDC-C379-44A5-AA99-FE64277DFEA3","IsDeleted":false,"IsACLProtected":false},{"GPOChanges":{"LocalAdmins":[],"RemoteDesktopUsers":[],"DcomUsers":[],"PSRemoteUsers":[],"AffectedComputers":[]},"Properties":{"domain":"M3C.LOCAL","name":"SERVICE ACCOUNTS@M3C.LOCAL","distinguishedname":"OU=SERVICE ACCOUNTS,OU=IT,OU=USERS,OU=M3C,DC=M3C,DC=LOCAL","domainsid":"S-1-5-21-340507432-2615605230-720798708","highvalue":false,"description":"Service Accounts","whencreated":1577961575,"blocksinheritance":false},"Links":[],"ChildObjects":[{"ObjectIdentifier":"S-1-5-21-340507432-2615605230-720798708-1293","ObjectType":"User"},{"ObjectIdentifier":"S-1-5-21-340507432-2615605230-720798708-1292","ObjectType":"User"}],"Aces":[{"PrincipalSID":"S-1-5-21-340507432-2615605230-720798708-512","PrincipalType":"Group","RightName":"Owns","IsInherited":false},{"PrincipalSID":"S-1-5-21-340507432-2615605230-720798708-512","PrincipalType":"Group","RightName":"GenericAll","IsInherited":false},{"PrincipalSID":"S-1-5-21-340507432-2615605230-720798708-519","PrincipalType":"Group","RightName":"GenericAll","IsInherited":true},{"PrincipalSID":"M3C.LOCAL-S-1-5-32-544","PrincipalType":"Group","RightName":"WriteDacl","IsInherited":true},{"PrincipalSID":"M3C.LOCAL-S-1-5-32-544","PrincipalType":"Group","RightName":"WriteOwner","IsInherited":true}],"ObjectIdentifier":"74C60EEE-94FD-41F5-B2C5-29BF0BF429B7","IsDeleted":false,"IsACLProtected":false},{"GPOChanges":{"LocalAdmins":[],"RemoteDesktopUsers":[],"DcomUsers":[],"PSRemoteUsers":[],"AffectedComputers":[]},"Properties":{"domain":"M3C.LOCAL","name":"MAIL SERVERS@M3C.LOCAL","distinguishedname":"OU=MAIL SERVERS,OU=SERVERS,OU=COMPUTERS,OU=M3C,DC=M3C,DC=LOCAL","domainsid":"S-1-5-21-340507432-2615605230-720798708","highvalue":false,"description":"Mail Servers","whencreated":1577961576,"blocksinheritance":false},"Links":[],"ChildObjects":[],"Aces":[{"PrincipalSID":"S-1-5-21-340507432-2615605230-720798708-512","PrincipalType":"Group","RightName":"Owns","IsInherited":false},{"PrincipalSID":"S-1-5-21-340507432-2615605230-720798708-512","PrincipalType":"Group","RightName":"GenericAll","IsInherited":false},{"PrincipalSID":"S-1-5-21-340507432-2615605230-720798708-519","PrincipalType":"Group","RightName":"GenericAll","IsInherited":true},{"PrincipalSID":"M3C.LOCAL-S-1-5-32-544","PrincipalType":"Group","RightName":"WriteDacl","IsInherited":true},{"PrincipalSID":"M3C.LOCAL-S-1-5-32-544","PrincipalType":"Group","RightName":"WriteOwner","IsInherited":true}],"ObjectIdentifier":"B076ED00-D297-4DC3-AAA4-7601F70B2FE1","IsDeleted":false,"IsACLProtected":false},{"GPOChanges":{"LocalAdmins":[],"RemoteDesktopUsers":[],"DcomUsers":[],"PSRemoteUsers":[],"AffectedComputers":[]},"Properties":{"domain":"M3C.LOCAL","name":"SQL SERVERS@M3C.LOCAL","distinguishedname":"OU=SQL SERVERS,OU=SERVERS,OU=COMPUTERS,OU=M3C,DC=M3C,DC=LOCAL","domainsid":"S-1-5-21-340507432-2615605230-720798708","highvalue":false,"description":"SQL Servers","whencreated":1577961576,"blocksinheritance":false},"Links":[],"ChildObjects":[{"ObjectIdentifier":"S-1-5-21-340507432-2615605230-720798708-1320","ObjectType":"Computer"}],"Aces":[{"PrincipalSID":"S-1-5-21-340507432-2615605230-720798708-512","PrincipalType":"Group","RightName":"Owns","IsInherited":false},{"PrincipalSID":"S-1-5-21-340507432-2615605230-720798708-512","PrincipalType":"Group","RightName":"GenericAll","IsInherited":false},{"PrincipalSID":"S-1-5-21-340507432-2615605230-720798708-519","PrincipalType":"Group","RightName":"GenericAll","IsInherited":true},{"PrincipalSID":"M3C.LOCAL-S-1-5-32-544","PrincipalType":"Group","RightName":"WriteDacl","IsInherited":true},{"PrincipalSID":"M3C.LOCAL-S-1-5-32-544","PrincipalType":"Group","RightName":"WriteOwner","IsInherited":true}],"ObjectIdentifier":"ACDD34D5-1A1D-4CA3-837A-9299082C465A","IsDeleted":false,"IsACLProtected":false},{"GPOChanges":{"LocalAdmins":[],"RemoteDesktopUsers":[],"DcomUsers":[],"PSRemoteUsers":[{"ObjectIdentifier":"S-1-5-21-340507432-2615605230-720798708-1312","ObjectType":"Group"}],"AffectedComputers":[{"ObjectIdentifier":"S-1-5-21-340507432-2615605230-720798708-1318","ObjectType":"Computer"},{"ObjectIdentifier":"S-1-5-21-340507432-2615605230-720798708-1320","ObjectType":"Computer"}]},"Properties":{"domain":"M3C.LOCAL","name":"SERVERS@M3C.LOCAL","distinguishedname":"OU=SERVERS,OU=COMPUTERS,OU=M3C,DC=M3C,DC=LOCAL","domainsid":"S-1-5-21-340507432-2615605230-720798708","highvalue":false,"description":"Servers","whencreated":1577961575,"blocksinheritance":false},"Links":[{"IsEnforced":true,"GUID":"EE6B9563-134D-407D-A031-B91CA1F288B8"}],"ChildObjects":[{"ObjectIdentifier":"C45B8DDC-C379-44A5-AA99-FE64277DFEA3","ObjectType":"OU"},{"ObjectIdentifier":"CF900A81-50B8-47F5-B722-3A97F170892A","ObjectType":"OU"},{"ObjectIdentifier":"B076ED00-D297-4DC3-AAA4-7601F70B2FE1","ObjectType":"OU"},{"ObjectIdentifier":"ACDD34D5-1A1D-4CA3-837A-9299082C465A","ObjectType":"OU"},{"ObjectIdentifier":"B4726F17-D3C6-460A-A18C-FAF95751F45D","ObjectType":"OU"},{"ObjectIdentifier":"4537F1F3-B5B6-4127-B784-586BCF377568","ObjectType":"OU"}],"Aces":[{"PrincipalSID":"S-1-5-21-340507432-2615605230-720798708-512","PrincipalType":"Group","RightName":"Owns","IsInherited":false},{"PrincipalSID":"S-1-5-21-340507432-2615605230-720798708-512","PrincipalType":"Group","RightName":"GenericAll","IsInherited":false},{"PrincipalSID":"S-1-5-21-340507432-2615605230-720798708-519","PrincipalType":"Group","RightName":"GenericAll","IsInherited":true},{"PrincipalSID":"M3C.LOCAL-S-1-5-32-544","PrincipalType":"Group","RightName":"WriteDacl","IsInherited":true},{"PrincipalSID":"M3C.LOCAL-S-1-5-32-544","PrincipalType":"Group","RightName":"WriteOwner","IsInherited":true}],"ObjectIdentifier":"E37A0030-5D47-4230-B6A4-8C46B0E3F78F","IsDeleted":false,"IsACLProtected":false},{"GPOChanges":{"LocalAdmins":[],"RemoteDesktopUsers":[],"DcomUsers":[],"PSRemoteUsers":[],"AffectedComputers":[{"ObjectIdentifier":"S-1-5-21-340507432-2615605230-720798708-1318","ObjectType":"Computer"},{"ObjectIdentifier":"S-1-5-21-340507432-2615605230-720798708-1320","ObjectType":"Computer"}]},"Properties":{"domain":"M3C.LOCAL","name":"COMPUTERS@M3C.LOCAL","distinguishedname":"OU=COMPUTERS,OU=M3C,DC=M3C,DC=LOCAL","domainsid":"S-1-5-21-340507432-2615605230-720798708","highvalue":false,"description":"Computers","whencreated":1577961575,"blocksinheritance":false},"Links":[{"IsEnforced":true,"GUID":"FE0BC539-0ABD-4AAE-A3E6-7F17CE8B5994"},{"IsEnforced":true,"GUID":"C474826C-D04B-4F93-B3CE-77903741E58C"}],"ChildObjects":[{"ObjectIdentifier":"E37A0030-5D47-4230-B6A4-8C46B0E3F78F","ObjectType":"OU"},{"ObjectIdentifier":"AD5019D1-6463-42D9-92F5-CD5731DD25B6","ObjectType":"OU"}],"Aces":[{"PrincipalSID":"S-1-5-21-340507432-2615605230-720798708-512","PrincipalType":"Group","RightName":"Owns","IsInherited":false},{"PrincipalSID":"S-1-5-21-340507432-2615605230-720798708-512","PrincipalType":"Group","RightName":"GenericAll","IsInherited":false},{"PrincipalSID":"S-1-5-21-340507432-2615605230-720798708-519","PrincipalType":"Group","RightName":"GenericAll","IsInherited":true},{"PrincipalSID":"M3C.LOCAL-S-1-5-32-544","PrincipalType":"Group","RightName":"WriteDacl","IsInherited":true},{"PrincipalSID":"M3C.LOCAL-S-1-5-32-544","PrincipalType":"Group","RightName":"WriteOwner","IsInherited":true}],"ObjectIdentifier":"65DD88C5-DB73-4C8A-AC06-A2EF4B54BB80","IsDeleted":false,"IsACLProtected":false},{"GPOChanges":{"LocalAdmins":[],"RemoteDesktopUsers":[],"DcomUsers":[],"PSRemoteUsers":[],"AffectedComputers":[{"ObjectIdentifier":"S-1-5-21-340507432-2615605230-720798708-1000","ObjectType":"Computer"}]},"Properties":{"domain":"M3C.LOCAL","name":"DOMAIN CONTROLLERS@M3C.LOCAL","distinguishedname":"OU=DOMAIN CONTROLLERS,DC=M3C,DC=LOCAL","domainsid":"S-1-5-21-340507432-2615605230-720798708","highvalue":false,"description":"Default container for domain controllers","whencreated":1577960845,"blocksinheritance":false},"Links":[{"IsEnforced":false,"GUID":"1AECF003-FC91-4908-B229-0D389E472DA9"}],"ChildObjects":[{"ObjectIdentifier":"S-1-5-21-340507432-2615605230-720798708-1000","ObjectType":"Computer"}],"Aces":[{"PrincipalSID":"S-1-5-21-340507432-2615605230-720798708-512","PrincipalType":"Group","RightName":"Owns","IsInherited":false},{"PrincipalSID":"S-1-5-21-340507432-2615605230-720798708-512","PrincipalType":"Group","RightName":"WriteDacl","IsInherited":false},{"PrincipalSID":"S-1-5-21-340507432-2615605230-720798708-512","PrincipalType":"Group","RightName":"WriteOwner","IsInherited":false},{"PrincipalSID":"S-1-5-21-340507432-2615605230-720798708-519","PrincipalType":"Group","RightName":"GenericAll","IsInherited":true},{"PrincipalSID":"M3C.LOCAL-S-1-5-32-544","PrincipalType":"Group","RightName":"WriteDacl","IsInherited":true},{"PrincipalSID":"M3C.LOCAL-S-1-5-32-544","PrincipalType":"Group","RightName":"WriteOwner","IsInherited":true}],"ObjectIdentifier":"7019926F-E111-456B-A100-5DD83EF44C79","IsDeleted":false,"IsACLProtected":false}],"meta":{"methods":29695,"type":"ous","count":36,"version":5}}