﻿{"data":[{"Properties":{"domain":"M3C.LOCAL","name":"M3WEBAW.M3C.LOCAL","distinguishedname":"CN=M3WEBAW,OU=WEB SERVERS,OU=SERVERS,OU=COMPUTERS,OU=M3C,DC=M3C,DC=LOCAL","domainsid":"S-1-5-21-340507432-2615605230-720798708","highvalue":false,"samaccountname":"M3WEBAW$","haslaps":true,"description":null,"whencreated":1579824417,"enabled":true,"unconstraineddelegation":false,"trustedtoauth":false,"lastlogon":1770725824,"lastlogontimestamp":1770715996,"pwdlastset":1579842417,"serviceprincipalnames":["WSMAN/m3webaw","WSMAN/m3webaw.m3c.local","TERMSRV/M3WEBAW","TERMSRV/m3webaw.m3c.local","RestrictedKrbHost/M3WEBAW","HOST/M3WEBAW","RestrictedKrbHost/m3webaw.m3c.local","HOST/m3webaw.m3c.local"],"operatingsystem":"Windows Server 2019 Standard","sidhistory":[]},"PrimaryGroupSID":"S-1-5-21-340507432-2615605230-720798708-515","AllowedToDelegate":[],"AllowedToAct":[],"HasSIDHistory":[],"DumpSMSAPassword":[],"Sessions":{"Results":[],"Collected":false,"FailureReason":null},"PrivilegedSessions":{"Results":[],"Collected":false,"FailureReason":null},"RegistrySessions":{"Results":[],"Collected":false,"FailureReason":null},"LocalAdmins":{"Results":[],"Collected":false,"FailureReason":null},"RemoteDesktopUsers":{"Results":[],"Collected":false,"FailureReason":null},"DcomUsers":{"Results":[],"Collected":false,"FailureReason":null},"PSRemoteUsers":{"Results":[],"Collected":false,"FailureReason":null},"Status":null,"Aces":[{"PrincipalSID":"S-1-5-21-340507432-2615605230-720798708-512","PrincipalType":"Group","RightName":"Owns","IsInherited":false},{"PrincipalSID":"M3C.LOCAL-S-1-5-32-548","PrincipalType":"Group","RightName":"GenericAll","IsInherited":false},{"PrincipalSID":"S-1-5-21-340507432-2615605230-720798708-512","PrincipalType":"Group","RightName":"GenericAll","IsInherited":false},{"PrincipalSID":"S-1-5-21-340507432-2615605230-720798708-526","PrincipalType":"Group","RightName":"AddKeyCredentialLink","IsInherited":true},{"PrincipalSID":"S-1-5-21-340507432-2615605230-720798708-527","PrincipalType":"Group","RightName":"AddKeyCredentialLink","IsInherited":true},{"PrincipalSID":"S-1-5-21-340507432-2615605230-720798708-519","PrincipalType":"Group","RightName":"GenericAll","IsInherited":true},{"PrincipalSID":"M3C.LOCAL-S-1-5-32-544","PrincipalType":"Group","RightName":"WriteDacl","IsInherited":true},{"PrincipalSID":"M3C.LOCAL-S-1-5-32-544","PrincipalType":"Group","RightName":"WriteOwner","IsInherited":true},{"PrincipalSID":"M3C.LOCAL-S-1-5-32-544","PrincipalType":"Group","RightName":"AllExtendedRights","IsInherited":true},{"PrincipalSID":"M3C.LOCAL-S-1-5-32-544","PrincipalType":"Group","RightName":"GenericWrite","IsInherited":true}],"ObjectIdentifier":"S-1-5-21-340507432-2615605230-720798708-1318","IsDeleted":false,"IsACLProtected":false},{"Properties":{"domain":"M3C.LOCAL","name":"M3DC.M3C.LOCAL","distinguishedname":"CN=M3DC,OU=DOMAIN CONTROLLERS,DC=M3C,DC=LOCAL","domainsid":"S-1-5-21-340507432-2615605230-720798708","highvalue":false,"samaccountname":"M3DC$","haslaps":false,"description":null,"whencreated":1577960880,"enabled":true,"unconstraineddelegation":true,"trustedtoauth":false,"lastlogon":1770716269,"lastlogontimestamp":1769759661,"pwdlastset":1577978896,"serviceprincipalnames":["Dfsr-12F9A27C-BF97-4787-9364-D31B6C55EB04/m3dc.m3c.local","TERMSRV/M3DC","TERMSRV/m3dc.m3c.local","ldap/m3dc.m3c.local/ForestDnsZones.m3c.local","ldap/m3dc.m3c.local/DomainDnsZones.m3c.local","DNS/m3dc.m3c.local","GC/m3dc.m3c.local/m3c.local","RestrictedKrbHost/m3dc.m3c.local","RestrictedKrbHost/M3DC","RPC/f16a5f25-faad-4ed2-abfe-95008f92adf5._msdcs.m3c.local","HOST/M3DC/M3C","HOST/m3dc.m3c.local/M3C","HOST/M3DC","HOST/m3dc.m3c.local","HOST/m3dc.m3c.local/m3c.local","E3514235-4B06-11D1-AB04-00C04FC2DCD2/f16a5f25-faad-4ed2-abfe-95008f92adf5/m3c.local","ldap/M3DC/M3C","ldap/f16a5f25-faad-4ed2-abfe-95008f92adf5._msdcs.m3c.local","ldap/m3dc.m3c.local/M3C","ldap/M3DC","ldap/m3dc.m3c.local","ldap/m3dc.m3c.local/m3c.local"],"operatingsystem":"Windows Server 2016 Standard","sidhistory":[]},"PrimaryGroupSID":"S-1-5-21-340507432-2615605230-720798708-516","AllowedToDelegate":[],"AllowedToAct":[],"HasSIDHistory":[],"DumpSMSAPassword":[],"Sessions":{"Results":[],"Collected":false,"FailureReason":null},"PrivilegedSessions":{"Results":[],"Collected":false,"FailureReason":null},"RegistrySessions":{"Results":[],"Collected":false,"FailureReason":null},"LocalAdmins":{"Results":[],"Collected":false,"FailureReason":null},"RemoteDesktopUsers":{"Results":[],"Collected":false,"FailureReason":null},"DcomUsers":{"Results":[],"Collected":false,"FailureReason":null},"PSRemoteUsers":{"Results":[],"Collected":false,"FailureReason":null},"Status":null,"Aces":[{"PrincipalSID":"S-1-5-21-340507432-2615605230-720798708-512","PrincipalType":"Group","RightName":"Owns","IsInherited":false},{"PrincipalSID":"S-1-5-21-340507432-2615605230-720798708-512","PrincipalType":"Group","RightName":"GenericAll","IsInherited":false},{"PrincipalSID":"S-1-5-21-340507432-2615605230-720798708-1293","PrincipalType":"User","RightName":"GenericWrite","IsInherited":false},{"PrincipalSID":"S-1-5-21-340507432-2615605230-720798708-526","PrincipalType":"Group","RightName":"AddKeyCredentialLink","IsInherited":true},{"PrincipalSID":"S-1-5-21-340507432-2615605230-720798708-527","PrincipalType":"Group","RightName":"AddKeyCredentialLink","IsInherited":true},{"PrincipalSID":"S-1-5-21-340507432-2615605230-720798708-519","PrincipalType":"Group","RightName":"GenericAll","IsInherited":true},{"PrincipalSID":"M3C.LOCAL-S-1-5-32-544","PrincipalType":"Group","RightName":"WriteDacl","IsInherited":true},{"PrincipalSID":"M3C.LOCAL-S-1-5-32-544","PrincipalType":"Group","RightName":"WriteOwner","IsInherited":true},{"PrincipalSID":"M3C.LOCAL-S-1-5-32-544","PrincipalType":"Group","RightName":"GenericWrite","IsInherited":true}],"ObjectIdentifier":"S-1-5-21-340507432-2615605230-720798708-1000","IsDeleted":false,"IsACLProtected":false},{"Properties":{"domain":"M3C.LOCAL","name":"M3SQLW.M3C.LOCAL","distinguishedname":"CN=M3SQLW,OU=SQL SERVERS,OU=SERVERS,OU=COMPUTERS,OU=M3C,DC=M3C,DC=LOCAL","domainsid":"S-1-5-21-340507432-2615605230-720798708","highvalue":false,"samaccountname":"M3SQLW$","haslaps":true,"description":null,"whencreated":1579866872,"enabled":true,"unconstraineddelegation":false,"trustedtoauth":false,"lastlogon":1770725936,"lastlogontimestamp":1770715940,"pwdlastset":1579884872,"serviceprincipalnames":["WSMAN/m3sqlw","WSMAN/m3sqlw.m3c.local","TERMSRV/M3SQLW","TERMSRV/m3sqlw.m3c.local","RestrictedKrbHost/M3SQLW","HOST/M3SQLW","RestrictedKrbHost/m3sqlw.m3c.local","HOST/m3sqlw.m3c.local"],"operatingsystem":"Windows Server 2016 Standard","sidhistory":[]},"PrimaryGroupSID":"S-1-5-21-340507432-2615605230-720798708-515","AllowedToDelegate":[],"AllowedToAct":[],"HasSIDHistory":[],"DumpSMSAPassword":[],"Sessions":{"Results":[],"Collected":false,"FailureReason":null},"PrivilegedSessions":{"Results":[],"Collected":false,"FailureReason":null},"RegistrySessions":{"Results":[],"Collected":false,"FailureReason":null},"LocalAdmins":{"Results":[],"Collected":false,"FailureReason":null},"RemoteDesktopUsers":{"Results":[],"Collected":false,"FailureReason":null},"DcomUsers":{"Results":[],"Collected":false,"FailureReason":null},"PSRemoteUsers":{"Results":[],"Collected":false,"FailureReason":null},"Status":null,"Aces":[{"PrincipalSID":"S-1-5-21-340507432-2615605230-720798708-512","PrincipalType":"Group","RightName":"Owns","IsInherited":false},{"PrincipalSID":"M3C.LOCAL-S-1-5-32-548","PrincipalType":"Group","RightName":"GenericAll","IsInherited":false},{"PrincipalSID":"S-1-5-21-340507432-2615605230-720798708-512","PrincipalType":"Group","RightName":"GenericAll","IsInherited":false},{"PrincipalSID":"S-1-5-21-340507432-2615605230-720798708-526","PrincipalType":"Group","RightName":"AddKeyCredentialLink","IsInherited":true},{"PrincipalSID":"S-1-5-21-340507432-2615605230-720798708-527","PrincipalType":"Group","RightName":"AddKeyCredentialLink","IsInherited":true},{"PrincipalSID":"S-1-5-21-340507432-2615605230-720798708-519","PrincipalType":"Group","RightName":"GenericAll","IsInherited":true},{"PrincipalSID":"M3C.LOCAL-S-1-5-32-544","PrincipalType":"Group","RightName":"WriteDacl","IsInherited":true},{"PrincipalSID":"M3C.LOCAL-S-1-5-32-544","PrincipalType":"Group","RightName":"WriteOwner","IsInherited":true},{"PrincipalSID":"M3C.LOCAL-S-1-5-32-544","PrincipalType":"Group","RightName":"AllExtendedRights","IsInherited":true},{"PrincipalSID":"M3C.LOCAL-S-1-5-32-544","PrincipalType":"Group","RightName":"GenericWrite","IsInherited":true}],"ObjectIdentifier":"S-1-5-21-340507432-2615605230-720798708-1320","IsDeleted":false,"IsACLProtected":false}],"meta":{"methods":29695,"type":"computers","count":3,"version":5}}