﻿{"data":[{"Properties":{"domain":"M3C.LOCAL","name":"LAPS@M3C.LOCAL","distinguishedname":"CN={D0CC2B08-E9CE-453F-AE50-0B9E62D89C9C},CN=POLICIES,CN=SYSTEM,DC=M3C,DC=LOCAL","domainsid":"S-1-5-21-340507432-2615605230-720798708","highvalue":false,"description":null,"whencreated":1577961649,"gpcpath":"\\\\M3C.LOCAL\\SYSVOL\\M3C.LOCAL\\POLICIES\\{D0CC2B08-E9CE-453F-AE50-0B9E62D89C9C}"},"Aces":[{"PrincipalSID":"S-1-5-21-340507432-2615605230-720798708-512","PrincipalType":"Group","RightName":"Owns","IsInherited":false},{"PrincipalSID":"S-1-5-21-340507432-2615605230-720798708-512","PrincipalType":"Group","RightName":"WriteDacl","IsInherited":false},{"PrincipalSID":"S-1-5-21-340507432-2615605230-720798708-512","PrincipalType":"Group","RightName":"WriteOwner","IsInherited":false},{"PrincipalSID":"S-1-5-21-340507432-2615605230-720798708-512","PrincipalType":"Group","RightName":"GenericWrite","IsInherited":false},{"PrincipalSID":"S-1-5-21-340507432-2615605230-720798708-519","PrincipalType":"Group","RightName":"WriteDacl","IsInherited":false},{"PrincipalSID":"S-1-5-21-340507432-2615605230-720798708-519","PrincipalType":"Group","RightName":"WriteOwner","IsInherited":false},{"PrincipalSID":"S-1-5-21-340507432-2615605230-720798708-519","PrincipalType":"Group","RightName":"GenericWrite","IsInherited":false}],"ObjectIdentifier":"C474826C-D04B-4F93-B3CE-77903741E58C","IsDeleted":false,"IsACLProtected":true},{"Properties":{"domain":"M3C.LOCAL","name":"DEFAULT DOMAIN CONTROLLERS POLICY@M3C.LOCAL","distinguishedname":"CN={6AC1786C-016F-11D2-945F-00C04FB984F9},CN=POLICIES,CN=SYSTEM,DC=M3C,DC=LOCAL","domainsid":"S-1-5-21-340507432-2615605230-720798708","highvalue":false,"description":null,"whencreated":1577960844,"gpcpath":"\\\\M3C.LOCAL\\SYSVOL\\M3C.LOCAL\\POLICIES\\{6AC1786C-016F-11D2-945F-00C04FB984F9}"},"Aces":[{"PrincipalSID":"S-1-5-21-340507432-2615605230-720798708-512","PrincipalType":"Group","RightName":"Owns","IsInherited":false},{"PrincipalSID":"S-1-5-21-340507432-2615605230-720798708-512","PrincipalType":"Group","RightName":"WriteDacl","IsInherited":false},{"PrincipalSID":"S-1-5-21-340507432-2615605230-720798708-512","PrincipalType":"Group","RightName":"WriteOwner","IsInherited":false},{"PrincipalSID":"S-1-5-21-340507432-2615605230-720798708-512","PrincipalType":"Group","RightName":"GenericWrite","IsInherited":false},{"PrincipalSID":"S-1-5-21-340507432-2615605230-720798708-512","PrincipalType":"Group","RightName":"WriteDacl","IsInherited":false},{"PrincipalSID":"S-1-5-21-340507432-2615605230-720798708-512","PrincipalType":"Group","RightName":"WriteOwner","IsInherited":false},{"PrincipalSID":"S-1-5-21-340507432-2615605230-720798708-512","PrincipalType":"Group","RightName":"GenericWrite","IsInherited":false},{"PrincipalSID":"S-1-5-21-340507432-2615605230-720798708-519","PrincipalType":"Group","RightName":"WriteDacl","IsInherited":false},{"PrincipalSID":"S-1-5-21-340507432-2615605230-720798708-519","PrincipalType":"Group","RightName":"WriteOwner","IsInherited":false},{"PrincipalSID":"S-1-5-21-340507432-2615605230-720798708-519","PrincipalType":"Group","RightName":"GenericWrite","IsInherited":false}],"ObjectIdentifier":"1AECF003-FC91-4908-B229-0D389E472DA9","IsDeleted":false,"IsACLProtected":true},{"Properties":{"domain":"M3C.LOCAL","name":"BLOCKSAM@M3C.LOCAL","distinguishedname":"CN={CBACF6C9-C2B7-428F-A9CE-A4A98D3279FC},CN=POLICIES,CN=SYSTEM,DC=M3C,DC=LOCAL","domainsid":"S-1-5-21-340507432-2615605230-720798708","highvalue":false,"description":null,"whencreated":1577961637,"gpcpath":"\\\\M3C.LOCAL\\SYSVOL\\M3C.LOCAL\\POLICIES\\{CBACF6C9-C2B7-428F-A9CE-A4A98D3279FC}"},"Aces":[{"PrincipalSID":"S-1-5-21-340507432-2615605230-720798708-512","PrincipalType":"Group","RightName":"Owns","IsInherited":false},{"PrincipalSID":"S-1-5-21-340507432-2615605230-720798708-512","PrincipalType":"Group","RightName":"WriteDacl","IsInherited":false},{"PrincipalSID":"S-1-5-21-340507432-2615605230-720798708-512","PrincipalType":"Group","RightName":"WriteOwner","IsInherited":false},{"PrincipalSID":"S-1-5-21-340507432-2615605230-720798708-512","PrincipalType":"Group","RightName":"GenericWrite","IsInherited":false},{"PrincipalSID":"S-1-5-21-340507432-2615605230-720798708-519","PrincipalType":"Group","RightName":"WriteDacl","IsInherited":false},{"PrincipalSID":"S-1-5-21-340507432-2615605230-720798708-519","PrincipalType":"Group","RightName":"WriteOwner","IsInherited":false},{"PrincipalSID":"S-1-5-21-340507432-2615605230-720798708-519","PrincipalType":"Group","RightName":"GenericWrite","IsInherited":false}],"ObjectIdentifier":"5B838A2F-46D0-439D-B00C-6E6B3C50D95E","IsDeleted":false,"IsACLProtected":true},{"Properties":{"domain":"M3C.LOCAL","name":"ENABLE LSA PROTECTION@M3C.LOCAL","distinguishedname":"CN={103A9876-D4FE-4528-BEAC-6021681A87F0},CN=POLICIES,CN=SYSTEM,DC=M3C,DC=LOCAL","domainsid":"S-1-5-21-340507432-2615605230-720798708","highvalue":false,"description":null,"whencreated":1577961636,"gpcpath":"\\\\M3C.LOCAL\\SYSVOL\\M3C.LOCAL\\POLICIES\\{103A9876-D4FE-4528-BEAC-6021681A87F0}"},"Aces":[{"PrincipalSID":"S-1-5-21-340507432-2615605230-720798708-512","PrincipalType":"Group","RightName":"Owns","IsInherited":false},{"PrincipalSID":"S-1-5-21-340507432-2615605230-720798708-512","PrincipalType":"Group","RightName":"WriteDacl","IsInherited":false},{"PrincipalSID":"S-1-5-21-340507432-2615605230-720798708-512","PrincipalType":"Group","RightName":"WriteOwner","IsInherited":false},{"PrincipalSID":"S-1-5-21-340507432-2615605230-720798708-512","PrincipalType":"Group","RightName":"GenericWrite","IsInherited":false},{"PrincipalSID":"S-1-5-21-340507432-2615605230-720798708-519","PrincipalType":"Group","RightName":"WriteDacl","IsInherited":false},{"PrincipalSID":"S-1-5-21-340507432-2615605230-720798708-519","PrincipalType":"Group","RightName":"WriteOwner","IsInherited":false},{"PrincipalSID":"S-1-5-21-340507432-2615605230-720798708-519","PrincipalType":"Group","RightName":"GenericWrite","IsInherited":false}],"ObjectIdentifier":"C27CA3F0-919C-48C1-A000-B2BA6D0DE71E","IsDeleted":false,"IsACLProtected":true},{"Properties":{"domain":"M3C.LOCAL","name":"DISABLE WINDOWS UPDATES@M3C.LOCAL","distinguishedname":"CN={B1DBB654-937D-4F15-8630-E45229375973},CN=POLICIES,CN=SYSTEM,DC=M3C,DC=LOCAL","domainsid":"S-1-5-21-340507432-2615605230-720798708","highvalue":false,"description":null,"whencreated":1577961636,"gpcpath":"\\\\M3C.LOCAL\\SYSVOL\\M3C.LOCAL\\POLICIES\\{B1DBB654-937D-4F15-8630-E45229375973}"},"Aces":[{"PrincipalSID":"S-1-5-21-340507432-2615605230-720798708-512","PrincipalType":"Group","RightName":"Owns","IsInherited":false},{"PrincipalSID":"S-1-5-21-340507432-2615605230-720798708-512","PrincipalType":"Group","RightName":"WriteDacl","IsInherited":false},{"PrincipalSID":"S-1-5-21-340507432-2615605230-720798708-512","PrincipalType":"Group","RightName":"WriteOwner","IsInherited":false},{"PrincipalSID":"S-1-5-21-340507432-2615605230-720798708-512","PrincipalType":"Group","RightName":"GenericWrite","IsInherited":false},{"PrincipalSID":"S-1-5-21-340507432-2615605230-720798708-519","PrincipalType":"Group","RightName":"WriteDacl","IsInherited":false},{"PrincipalSID":"S-1-5-21-340507432-2615605230-720798708-519","PrincipalType":"Group","RightName":"WriteOwner","IsInherited":false},{"PrincipalSID":"S-1-5-21-340507432-2615605230-720798708-519","PrincipalType":"Group","RightName":"GenericWrite","IsInherited":false}],"ObjectIdentifier":"BDDC170C-7335-44AA-AD44-A25381F2DE9A","IsDeleted":false,"IsACLProtected":true},{"Properties":{"domain":"M3C.LOCAL","name":"DISABLE SMBV1@M3C.LOCAL","distinguishedname":"CN={91916C79-8163-47A7-98CC-1757D95E518E},CN=POLICIES,CN=SYSTEM,DC=M3C,DC=LOCAL","domainsid":"S-1-5-21-340507432-2615605230-720798708","highvalue":false,"description":null,"whencreated":1577961636,"gpcpath":"\\\\M3C.LOCAL\\SYSVOL\\M3C.LOCAL\\POLICIES\\{91916C79-8163-47A7-98CC-1757D95E518E}"},"Aces":[{"PrincipalSID":"S-1-5-21-340507432-2615605230-720798708-512","PrincipalType":"Group","RightName":"Owns","IsInherited":false},{"PrincipalSID":"S-1-5-21-340507432-2615605230-720798708-512","PrincipalType":"Group","RightName":"WriteDacl","IsInherited":false},{"PrincipalSID":"S-1-5-21-340507432-2615605230-720798708-512","PrincipalType":"Group","RightName":"WriteOwner","IsInherited":false},{"PrincipalSID":"S-1-5-21-340507432-2615605230-720798708-512","PrincipalType":"Group","RightName":"GenericWrite","IsInherited":false},{"PrincipalSID":"S-1-5-21-340507432-2615605230-720798708-519","PrincipalType":"Group","RightName":"WriteDacl","IsInherited":false},{"PrincipalSID":"S-1-5-21-340507432-2615605230-720798708-519","PrincipalType":"Group","RightName":"WriteOwner","IsInherited":false},{"PrincipalSID":"S-1-5-21-340507432-2615605230-720798708-519","PrincipalType":"Group","RightName":"GenericWrite","IsInherited":false}],"ObjectIdentifier":"83FAFBD9-20B0-4D52-9948-1AC8DE33D405","IsDeleted":false,"IsACLProtected":true},{"Properties":{"domain":"M3C.LOCAL","name":"SERVER WINRM MGMT@M3C.LOCAL","distinguishedname":"CN={11D18024-2D64-4CE7-8479-B41B164B7DAB},CN=POLICIES,CN=SYSTEM,DC=M3C,DC=LOCAL","domainsid":"S-1-5-21-340507432-2615605230-720798708","highvalue":false,"description":null,"whencreated":1577961638,"gpcpath":"\\\\M3C.LOCAL\\SYSVOL\\M3C.LOCAL\\POLICIES\\{11D18024-2D64-4CE7-8479-B41B164B7DAB}"},"Aces":[{"PrincipalSID":"S-1-5-21-340507432-2615605230-720798708-512","PrincipalType":"Group","RightName":"Owns","IsInherited":false},{"PrincipalSID":"S-1-5-21-340507432-2615605230-720798708-512","PrincipalType":"Group","RightName":"WriteDacl","IsInherited":false},{"PrincipalSID":"S-1-5-21-340507432-2615605230-720798708-512","PrincipalType":"Group","RightName":"WriteOwner","IsInherited":false},{"PrincipalSID":"S-1-5-21-340507432-2615605230-720798708-512","PrincipalType":"Group","RightName":"GenericWrite","IsInherited":false},{"PrincipalSID":"S-1-5-21-340507432-2615605230-720798708-519","PrincipalType":"Group","RightName":"WriteDacl","IsInherited":false},{"PrincipalSID":"S-1-5-21-340507432-2615605230-720798708-519","PrincipalType":"Group","RightName":"WriteOwner","IsInherited":false},{"PrincipalSID":"S-1-5-21-340507432-2615605230-720798708-519","PrincipalType":"Group","RightName":"GenericWrite","IsInherited":false}],"ObjectIdentifier":"EE6B9563-134D-407D-A031-B91CA1F288B8","IsDeleted":false,"IsACLProtected":true},{"Properties":{"domain":"M3C.LOCAL","name":"DISABLE LLMNR AND NETBIOS@M3C.LOCAL","distinguishedname":"CN={D2882F9B-8F5F-4768-A92C-57A6BDE09036},CN=POLICIES,CN=SYSTEM,DC=M3C,DC=LOCAL","domainsid":"S-1-5-21-340507432-2615605230-720798708","highvalue":false,"description":null,"whencreated":1577961635,"gpcpath":"\\\\M3C.LOCAL\\SYSVOL\\M3C.LOCAL\\POLICIES\\{D2882F9B-8F5F-4768-A92C-57A6BDE09036}"},"Aces":[{"PrincipalSID":"S-1-5-21-340507432-2615605230-720798708-512","PrincipalType":"Group","RightName":"Owns","IsInherited":false},{"PrincipalSID":"S-1-5-21-340507432-2615605230-720798708-512","PrincipalType":"Group","RightName":"WriteDacl","IsInherited":false},{"PrincipalSID":"S-1-5-21-340507432-2615605230-720798708-512","PrincipalType":"Group","RightName":"WriteOwner","IsInherited":false},{"PrincipalSID":"S-1-5-21-340507432-2615605230-720798708-512","PrincipalType":"Group","RightName":"GenericWrite","IsInherited":false},{"PrincipalSID":"S-1-5-21-340507432-2615605230-720798708-519","PrincipalType":"Group","RightName":"WriteDacl","IsInherited":false},{"PrincipalSID":"S-1-5-21-340507432-2615605230-720798708-519","PrincipalType":"Group","RightName":"WriteOwner","IsInherited":false},{"PrincipalSID":"S-1-5-21-340507432-2615605230-720798708-519","PrincipalType":"Group","RightName":"GenericWrite","IsInherited":false}],"ObjectIdentifier":"5BB15B97-3A8A-4A84-9D1A-D96D1962BE22","IsDeleted":false,"IsACLProtected":true},{"Properties":{"domain":"M3C.LOCAL","name":"DISABLE MACHINE PASSWORDS@M3C.LOCAL","distinguishedname":"CN={4FA4650D-B5BE-4A41-8015-02AE9B0CD6A0},CN=POLICIES,CN=SYSTEM,DC=M3C,DC=LOCAL","domainsid":"S-1-5-21-340507432-2615605230-720798708","highvalue":false,"description":null,"whencreated":1577961635,"gpcpath":"\\\\M3C.LOCAL\\SYSVOL\\M3C.LOCAL\\POLICIES\\{4FA4650D-B5BE-4A41-8015-02AE9B0CD6A0}"},"Aces":[{"PrincipalSID":"S-1-5-21-340507432-2615605230-720798708-512","PrincipalType":"Group","RightName":"Owns","IsInherited":false},{"PrincipalSID":"S-1-5-21-340507432-2615605230-720798708-512","PrincipalType":"Group","RightName":"WriteDacl","IsInherited":false},{"PrincipalSID":"S-1-5-21-340507432-2615605230-720798708-512","PrincipalType":"Group","RightName":"WriteOwner","IsInherited":false},{"PrincipalSID":"S-1-5-21-340507432-2615605230-720798708-512","PrincipalType":"Group","RightName":"GenericWrite","IsInherited":false},{"PrincipalSID":"S-1-5-21-340507432-2615605230-720798708-519","PrincipalType":"Group","RightName":"WriteDacl","IsInherited":false},{"PrincipalSID":"S-1-5-21-340507432-2615605230-720798708-519","PrincipalType":"Group","RightName":"WriteOwner","IsInherited":false},{"PrincipalSID":"S-1-5-21-340507432-2615605230-720798708-519","PrincipalType":"Group","RightName":"GenericWrite","IsInherited":false}],"ObjectIdentifier":"36B94D32-AB0A-45C7-BEC0-8E9E78951008","IsDeleted":false,"IsACLProtected":true},{"Properties":{"domain":"M3C.LOCAL","name":"ENABLE SMB SIGNING@M3C.LOCAL","distinguishedname":"CN={3853E851-8BA9-4999-8AAF-1573EEC0EA4F},CN=POLICIES,CN=SYSTEM,DC=M3C,DC=LOCAL","domainsid":"S-1-5-21-340507432-2615605230-720798708","highvalue":false,"description":null,"whencreated":1577961637,"gpcpath":"\\\\M3C.LOCAL\\SYSVOL\\M3C.LOCAL\\POLICIES\\{3853E851-8BA9-4999-8AAF-1573EEC0EA4F}"},"Aces":[{"PrincipalSID":"S-1-5-21-340507432-2615605230-720798708-512","PrincipalType":"Group","RightName":"Owns","IsInherited":false},{"PrincipalSID":"S-1-5-21-340507432-2615605230-720798708-512","PrincipalType":"Group","RightName":"WriteDacl","IsInherited":false},{"PrincipalSID":"S-1-5-21-340507432-2615605230-720798708-512","PrincipalType":"Group","RightName":"WriteOwner","IsInherited":false},{"PrincipalSID":"S-1-5-21-340507432-2615605230-720798708-512","PrincipalType":"Group","RightName":"GenericWrite","IsInherited":false},{"PrincipalSID":"S-1-5-21-340507432-2615605230-720798708-519","PrincipalType":"Group","RightName":"WriteDacl","IsInherited":false},{"PrincipalSID":"S-1-5-21-340507432-2615605230-720798708-519","PrincipalType":"Group","RightName":"WriteOwner","IsInherited":false},{"PrincipalSID":"S-1-5-21-340507432-2615605230-720798708-519","PrincipalType":"Group","RightName":"GenericWrite","IsInherited":false}],"ObjectIdentifier":"C16BACC5-8470-4A6A-881A-92B593766A09","IsDeleted":false,"IsACLProtected":true},{"Properties":{"domain":"M3C.LOCAL","name":"DEFAULT DOMAIN POLICY@M3C.LOCAL","distinguishedname":"CN={31B2F340-016D-11D2-945F-00C04FB984F9},CN=POLICIES,CN=SYSTEM,DC=M3C,DC=LOCAL","domainsid":"S-1-5-21-340507432-2615605230-720798708","highvalue":false,"description":null,"whencreated":1577960844,"gpcpath":"\\\\M3C.LOCAL\\SYSVOL\\M3C.LOCAL\\POLICIES\\{31B2F340-016D-11D2-945F-00C04FB984F9}"},"Aces":[{"PrincipalSID":"S-1-5-21-340507432-2615605230-720798708-512","PrincipalType":"Group","RightName":"Owns","IsInherited":false},{"PrincipalSID":"S-1-5-21-340507432-2615605230-720798708-512","PrincipalType":"Group","RightName":"WriteDacl","IsInherited":false},{"PrincipalSID":"S-1-5-21-340507432-2615605230-720798708-512","PrincipalType":"Group","RightName":"WriteOwner","IsInherited":false},{"PrincipalSID":"S-1-5-21-340507432-2615605230-720798708-512","PrincipalType":"Group","RightName":"GenericWrite","IsInherited":false},{"PrincipalSID":"S-1-5-21-340507432-2615605230-720798708-512","PrincipalType":"Group","RightName":"WriteDacl","IsInherited":false},{"PrincipalSID":"S-1-5-21-340507432-2615605230-720798708-512","PrincipalType":"Group","RightName":"WriteOwner","IsInherited":false},{"PrincipalSID":"S-1-5-21-340507432-2615605230-720798708-512","PrincipalType":"Group","RightName":"GenericWrite","IsInherited":false},{"PrincipalSID":"S-1-5-21-340507432-2615605230-720798708-519","PrincipalType":"Group","RightName":"WriteDacl","IsInherited":false},{"PrincipalSID":"S-1-5-21-340507432-2615605230-720798708-519","PrincipalType":"Group","RightName":"WriteOwner","IsInherited":false},{"PrincipalSID":"S-1-5-21-340507432-2615605230-720798708-519","PrincipalType":"Group","RightName":"GenericWrite","IsInherited":false}],"ObjectIdentifier":"748793F7-8E28-41F4-8EDC-7104EB98EED7","IsDeleted":false,"IsACLProtected":true},{"Properties":{"domain":"M3C.LOCAL","name":"BLOCK LOADL ADMINS@M3C.LOCAL","distinguishedname":"CN={2AE33282-B388-4389-A719-524FE65B4B9F},CN=POLICIES,CN=SYSTEM,DC=M3C,DC=LOCAL","domainsid":"S-1-5-21-340507432-2615605230-720798708","highvalue":false,"description":null,"whencreated":1585998879,"gpcpath":"\\\\M3C.LOCAL\\SYSVOL\\M3C.LOCAL\\POLICIES\\{2AE33282-B388-4389-A719-524FE65B4B9F}"},"Aces":[{"PrincipalSID":"S-1-5-21-340507432-2615605230-720798708-512","PrincipalType":"Group","RightName":"Owns","IsInherited":false},{"PrincipalSID":"S-1-5-21-340507432-2615605230-720798708-512","PrincipalType":"Group","RightName":"WriteDacl","IsInherited":false},{"PrincipalSID":"S-1-5-21-340507432-2615605230-720798708-512","PrincipalType":"Group","RightName":"WriteOwner","IsInherited":false},{"PrincipalSID":"S-1-5-21-340507432-2615605230-720798708-512","PrincipalType":"Group","RightName":"GenericWrite","IsInherited":false},{"PrincipalSID":"S-1-5-21-340507432-2615605230-720798708-519","PrincipalType":"Group","RightName":"WriteDacl","IsInherited":false},{"PrincipalSID":"S-1-5-21-340507432-2615605230-720798708-519","PrincipalType":"Group","RightName":"WriteOwner","IsInherited":false},{"PrincipalSID":"S-1-5-21-340507432-2615605230-720798708-519","PrincipalType":"Group","RightName":"GenericWrite","IsInherited":false}],"ObjectIdentifier":"FE0BC539-0ABD-4AAE-A3E6-7F17CE8B5994","IsDeleted":false,"IsACLProtected":true}],"meta":{"methods":29695,"type":"gpos","count":12,"version":5}}